id,run_id,step_id,type,status,attempt,started_at,ended_at,input_json,output_json,error_json,duration_ms,fallback_triggered,worker_heartbeat,error_code
1,6,step_0,switch,succeeded,3,2025-09-04 09:37:57+05:30,,"{""param1"": ""morning"", ""param2"": 47}",,,1653483000,True,2025-09-04 09:37:38.988720+05:30,S000
2,19,step_1,wait,succeeded,0,2025-09-08 04:40:26+05:30,2025-09-15 17:05:09+05:30,"{""param1"": ""eat"", ""param2"": 68}",,,649483000,False,2025-09-08 04:39:55.092761+05:30,S000
3,28,step_2,switch,succeeded,0,2025-09-11 11:16:19+05:30,,"{""param1"": ""resource"", ""param2"": 91}","{""result"": ""last""}",,1042781000,False,2025-09-11 11:15:24.101768+05:30,S000
4,14,step_3,sql_query,succeeded,1,2025-09-07 04:16:20+05:30,2025-09-10 00:14:22+05:30,"{""param1"": ""interest"", ""param2"": 92}",,"{""error"": ""timeout_error"", ""code"": ""T001""}",244682000,True,2025-09-07 04:13:45.048166+05:30,T001
5,10,step_4,http_call,waiting,0,2025-09-05 13:09:28+05:30,,"{""param1"": ""bill"", ""param2"": 76}",,,1554392000,False,2025-09-05 13:09:17.170376+05:30,S000
6,7,step_5,compensate,succeeded,0,2025-09-03 13:14:25+05:30,2025-09-19 16:49:06+05:30,"{""param1"": ""off"", ""param2"": 58}",,"{""error"": ""timeout_error"", ""code"": ""T001""}",1395281000,True,2025-09-03 13:13:44.877528+05:30,T001
7,28,step_6,fallback,waiting,0,2025-09-21 04:01:50+05:30,2025-09-22 06:48:12+05:30,"{""param1"": ""effect"", ""param2"": 46}",,,96382000,False,2025-09-21 04:01:28.309358+05:30,S000
8,20,step_7,switch,succeeded,0,2025-09-19 09:15:24+05:30,2025-09-20 04:35:00+05:30,"{""param1"": ""a"", ""param2"": 58}",,,69576000,False,2025-09-19 09:11:03.447618+05:30,S000
9,6,step_8,wait,waiting,0,2025-09-14 22:33:40+05:30,2025-09-22 09:13:23+05:30,"{""param1"": ""partner"", ""param2"": 72}",,"{""error"": ""api_down"", ""code"": ""N003""}",643183000,True,2025-09-14 22:33:23.227023+05:30,N003
10,25,step_9,compensate,succeeded,0,2025-09-18 21:37:12+05:30,,"{""param1"": ""tax"", ""param2"": 60}",,,400728000,False,2025-09-18 21:36:18.579524+05:30,S000
11,18,step_10,python_fn,succeeded,0,2025-09-05 20:41:54+05:30,2025-09-08 02:53:12+05:30,"{""param1"": ""own"", ""param2"": 79}",,,195078000,True,2025-09-05 20:41:23.018631+05:30,S000
12,22,step_11,python_fn,failed,0,2025-08-27 07:21:39+05:30,,"{""param1"": ""collection"", ""param2"": 12}",,,2352861000,False,2025-08-27 07:20:28.585352+05:30,S000
13,10,step_12,model_call,compensating,2,2025-09-10 07:12:55+05:30,,"{""param1"": ""plan"", ""param2"": 18}",,,1143785000,False,2025-09-10 07:12:25.355245+05:30,S000
14,10,step_13,fallback,waiting,0,2025-09-08 16:54:09+05:30,2025-09-12 20:32:51+05:30,"{""param1"": ""throw"", ""param2"": 93}","{""result"": ""agreement""}","{""error"": ""timeout_error"", ""code"": ""T001""}",358722000,False,2025-09-08 16:50:48.602678+05:30,T001
15,23,step_14,sql_query,failed,0,2025-09-04 14:18:32+05:30,2025-09-15 09:14:51+05:30,"{""param1"": ""far"", ""param2"": 31}",,,932179000,False,2025-09-04 14:14:22.818102+05:30,S000
16,20,step_15,wait,compensating,0,2025-09-04 03:30:44+05:30,,"{""param1"": ""edge"", ""param2"": 46}",,,1675516000,True,2025-09-04 03:30:31.987100+05:30,S000
17,3,step_16,http_call,succeeded,0,2025-09-14 14:26:32+05:30,2025-09-19 13:09:53+05:30,"{""param1"": ""once"", ""param2"": 97}",,"{""error"": ""timeout_error"", ""code"": ""T001""}",427401000,True,2025-09-14 14:26:02.115779+05:30,T001
18,7,step_17,http_call,compensating,2,2025-09-09 17:11:40+05:30,,"{""param1"": ""it"", ""param2"": 27}","{""result"": ""news""}",,1194260000,False,2025-09-09 17:11:02.790067+05:30,S000
19,23,step_18,wait,succeeded,0,2025-09-15 22:17:10+05:30,2025-09-16 04:21:41+05:30,"{""param1"": ""plant"", ""param2"": 53}",,"{""error"": ""validation_fail"", ""code"": ""V004""}",21871000,True,2025-09-15 22:16:24.528057+05:30,V004
20,2,step_19,join,running,0,2025-09-03 01:49:04+05:30,,"{""param1"": ""admit"", ""param2"": 51}","{""result"": ""history""}",,1768016000,True,2025-09-03 01:48:08.787835+05:30,S000
21,21,step_20,sql_query,waiting,1,2025-09-21 04:14:44+05:30,2025-09-21 08:36:25+05:30,"{""param1"": ""would"", ""param2"": 44}",,,15701000,False,2025-09-21 04:14:06.506572+05:30,S000
22,20,step_21,compensate,running,1,2025-09-03 05:08:00+05:30,,"{""param1"": ""media"", ""param2"": 63}",,"{""error"": ""api_down"", ""code"": ""N003""}",1756080000,False,2025-09-03 05:05:17.157024+05:30,N003
23,1,step_22,switch,failed,0,2025-08-29 20:15:26+05:30,2025-09-08 17:25:22+05:30,"{""param1"": ""her"", ""param2"": 51}","{""result"": ""water""}",,853796000,False,2025-08-29 20:14:35.717560+05:30,S000
24,23,step_23,join,succeeded,1,2025-08-27 12:11:10+05:30,2025-09-08 14:53:15+05:30,"{""param1"": ""improve"", ""param2"": 57}",,,1046525000,False,2025-08-27 12:10:48.696046+05:30,S000
25,11,step_24,switch,waiting,3,2025-08-31 20:49:08+05:30,2025-09-17 07:41:09+05:30,"{""param1"": ""science"", ""param2"": 37}",,,1421521000,False,2025-08-31 20:48:11.480079+05:30,S000
26,29,step_25,switch,succeeded,0,2025-09-02 11:02:55+05:30,2025-09-19 13:22:09+05:30,"{""param1"": ""win"", ""param2"": 98}",,"{""error"": ""timeout_error"", ""code"": ""T001""}",1477154000,True,2025-09-02 11:00:06.435985+05:30,T001
27,5,step_26,join,compensating,1,2025-09-20 10:47:13+05:30,2025-09-22 16:12:49+05:30,"{""param1"": ""who"", ""param2"": 56}",,,192336000,False,2025-09-20 10:46:19.465577+05:30,S000
28,1,step_27,model_call,running,1,2025-08-26 15:36:56+05:30,2025-09-09 17:47:46+05:30,"{""param1"": ""easy"", ""param2"": 16}","{""result"": ""dark""}",,1217450000,False,2025-08-26 15:35:04.540900+05:30,S000
29,27,step_28,python_fn,succeeded,0,2025-09-05 17:12:39+05:30,2025-09-23 10:29:07+05:30,"{""param1"": ""night"", ""param2"": 66}",,,1530988000,False,2025-09-05 17:12:26.435308+05:30,S000
30,20,step_29,switch,running,0,2025-09-18 16:27:13+05:30,,"{""param1"": ""I"", ""param2"": 22}",,,419327000,False,2025-09-18 16:26:40.894648+05:30,S000
31,0,step_30,join,failed,0,2025-09-14 18:04:54+05:30,2025-09-20 21:42:05+05:30,"{""param1"": ""finish"", ""param2"": 64}",,"{""error"": ""network_fail"", ""code"": ""N002""}",531431000,False,2025-09-14 18:04:24.271384+05:30,N002
32,11,step_31,join,running,2,2025-09-04 01:15:16+05:30,2025-09-12 10:33:42+05:30,"{""param1"": ""in"", ""param2"": 23}",,"{""error"": ""validation_fail"", ""code"": ""V004""}",724706000,False,2025-09-04 01:14:57.931632+05:30,V004
33,25,step_32,map,running,5,2025-09-01 01:33:13+05:30,,"{""param1"": ""reason"", ""param2"": 92}",,,1941767000,False,2025-09-01 01:32:22.728384+05:30,S000
34,21,step_33,model_call,succeeded,1,2025-09-19 21:56:51+05:30,,"{""param1"": ""happen"", ""param2"": 90}",,,313149000,False,2025-09-19 21:56:33.305005+05:30,S000
35,28,step_34,fallback,failed,0,2025-09-18 19:23:20+05:30,,"{""param1"": ""large"", ""param2"": 26}",,,408760000,False,2025-09-18 19:22:56.591282+05:30,S000
36,11,step_35,map,compensating,1,2025-08-28 20:38:12+05:30,2025-09-21 11:47:05+05:30,"{""param1"": ""me"", ""param2"": 13}",,,2041733000,False,2025-08-28 20:37:41.577221+05:30,S000
37,24,step_36,map,succeeded,0,2025-09-19 04:38:43+05:30,2025-09-23 08:23:31+05:30,"{""param1"": ""story"", ""param2"": 42}",,"{""error"": ""timeout_error"", ""code"": ""T001""}",359088000,True,2025-09-19 04:38:30.165978+05:30,T001
38,16,step_37,wait,failed,0,2025-09-09 20:22:17+05:30,2025-09-22 01:35:02+05:30,"{""param1"": ""chance"", ""param2"": 85}",,,1055565000,False,2025-09-09 20:19:42.333375+05:30,S000
39,26,step_38,python_fn,succeeded,0,2025-09-02 00:19:02+05:30,2025-09-10 03:35:36+05:30,"{""param1"": ""student"", ""param2"": 93}",,,702994000,False,2025-09-02 00:18:42.328233+05:30,S000
40,26,step_39,join,succeeded,2,2025-09-22 10:44:20+05:30,2025-09-23 04:53:51+05:30,"{""param1"": ""ball"", ""param2"": 94}","{""result"": ""measure""}",,65371000,False,2025-09-22 10:43:57.008593+05:30,S000
41,9,step_40,python_fn,failed,0,2025-09-01 18:14:38+05:30,2025-09-10 20:21:33+05:30,"{""param1"": ""news"", ""param2"": 82}",,,785215000,False,2025-09-01 18:13:43.215503+05:30,S000
42,27,step_41,sql_query,failed,2,2025-09-12 07:01:47+05:30,2025-09-14 12:35:16+05:30,"{""param1"": ""us"", ""param2"": 53}",,"{""error"": ""timeout_error"", ""code"": ""T001""}",192809000,False,2025-09-12 07:01:25.500312+05:30,T001
43,27,step_42,wait,succeeded,0,2025-09-07 10:55:32+05:30,,"{""param1"": ""him"", ""param2"": 77}",,,1389628000,True,2025-09-07 10:55:09.973421+05:30,S000
44,15,step_43,fallback,failed,0,2025-09-01 01:10:26+05:30,2025-09-06 07:58:23+05:30,"{""param1"": ""then"", ""param2"": 13}","{""result"": ""above""}",,456477000,False,2025-09-01 01:09:34.696766+05:30,S000
45,14,step_44,python_fn,succeeded,0,2025-09-07 14:44:10+05:30,,"{""param1"": ""role"", ""param2"": 49}",,,1375910000,False,2025-09-07 14:43:18.782478+05:30,S000
46,29,step_45,http_call,succeeded,0,2025-09-10 04:38:05+05:30,2025-09-11 23:47:05+05:30,"{""param1"": ""suffer"", ""param2"": 47}",,,155340000,False,2025-09-10 04:37:47.184151+05:30,S000
47,29,step_46,switch,succeeded,3,2025-08-28 11:41:16+05:30,,"{""param1"": ""majority"", ""param2"": 36}",,"{""error"": ""api_down"", ""code"": ""N003""}",2250884000,True,2025-08-28 11:40:47.976275+05:30,N003
48,14,step_47,sql_query,succeeded,0,2025-09-23 10:16:11+05:30,,"{""param1"": ""lawyer"", ""param2"": 19}",,,9589000,False,2025-09-23 10:15:47.467803+05:30,S000
49,29,step_48,model_call,succeeded,2,2025-09-10 07:02:37+05:30,,"{""param1"": ""interesting"", ""param2"": 84}",,,1144403000,False,2025-09-10 06:57:38.772951+05:30,S000
50,18,step_49,fallback,failed,0,2025-09-03 22:05:30+05:30,2025-09-10 21:34:39+05:30,"{""param1"": ""family"", ""param2"": 27}",,,602949000,False,2025-09-03 22:04:30.578950+05:30,S000
51,11,step_50,sql_query,running,2,2025-08-28 20:16:39+05:30,,"{""param1"": ""run"", ""param2"": 79}",,"{""error"": ""api_down"", ""code"": ""N003""}",2219961000,True,2025-08-28 20:15:49.309095+05:30,N003
52,22,step_51,switch,succeeded,0,2025-09-12 09:00:25+05:30,2025-09-15 18:28:14+05:30,"{""param1"": ""test"", ""param2"": 90}",,"{""error"": ""api_down"", ""code"": ""N003""}",293269000,True,2025-09-12 08:59:46.109647+05:30,N003
53,19,step_52,wait,waiting,2,2025-09-21 01:53:20+05:30,2025-09-22 13:32:26+05:30,"{""param1"": ""hotel"", ""param2"": 92}",,,128346000,False,2025-09-21 01:52:55.528024+05:30,S000
54,24,step_53,switch,running,1,2025-08-27 20:06:24+05:30,,"{""param1"": ""ask"", ""param2"": 87}",,,2306976000,False,2025-08-27 20:05:43.030502+05:30,S000
55,2,step_54,map,succeeded,0,2025-09-21 06:00:17+05:30,2025-09-23 12:36:37+05:30,"{""param1"": ""against"", ""param2"": 95}",,,196580000,False,2025-09-21 05:59:45.625677+05:30,S000
56,4,step_55,switch,compensating,0,2025-09-18 10:14:46+05:30,,"{""param1"": ""pass"", ""param2"": 22}",,,441674000,False,2025-09-18 10:14:07.788409+05:30,S000
57,18,step_56,map,compensating,2,2025-09-19 04:56:38+05:30,2025-09-23 09:14:50+05:30,"{""param1"": ""item"", ""param2"": 74}","{""result"": ""attack""}",,361092000,False,2025-09-19 04:56:17.923581+05:30,S000
58,6,step_57,wait,succeeded,4,2025-09-01 00:52:59+05:30,,"{""param1"": ""argue"", ""param2"": 22}",,,1944181000,False,2025-09-01 00:52:14.545617+05:30,S000
59,20,step_58,compensate,succeeded,0,2025-08-30 21:55:41+05:30,,"{""param1"": ""always"", ""param2"": 96}","{""result"": ""see""}","{""error"": ""validation_fail"", ""code"": ""V004""}",2041219000,True,2025-08-30 21:55:03.190465+05:30,V004
60,8,step_59,map,compensating,1,2025-09-19 19:14:18+05:30,,"{""param1"": ""memory"", ""param2"": 46}",,,322902000,False,2025-09-19 19:14:07.189980+05:30,S000
61,6,step_60,model_call,running,3,2025-09-18 16:36:32+05:30,2025-09-22 12:18:30+05:30,"{""param1"": ""indeed"", ""param2"": 87}",,,330118000,False,2025-09-18 16:36:19.993057+05:30,S000
62,17,step_61,switch,succeeded,2,2025-09-06 20:15:57+05:30,,"{""param1"": ""case"", ""param2"": 43}",,,1442403000,False,2025-09-06 20:14:57.401863+05:30,S000
63,3,step_62,switch,running,4,2025-09-18 13:15:36+05:30,2025-09-19 11:26:54+05:30,"{""param1"": ""culture"", ""param2"": 65}",,,79878000,False,2025-09-18 13:15:15.484072+05:30,S000
64,24,step_63,model_call,waiting,1,2025-09-10 11:43:21+05:30,2025-09-18 05:43:47+05:30,"{""param1"": ""amount"", ""param2"": 35}",,"{""error"": ""network_fail"", ""code"": ""N002""}",669626000,False,2025-09-10 11:42:58.348683+05:30,N002
65,27,step_64,http_call,running,0,2025-09-14 19:41:42+05:30,2025-09-17 21:02:21+05:30,"{""param1"": ""camera"", ""param2"": 18}",,,264039000,True,2025-09-14 19:41:26.857870+05:30,S000
66,13,step_65,join,running,0,2025-09-18 11:55:23+05:30,2025-09-21 05:38:33+05:30,"{""param1"": ""dog"", ""param2"": 58}","{""result"": ""despite""}",,236590000,False,2025-09-18 11:54:24.042422+05:30,S000
67,17,step_66,compensate,waiting,0,2025-08-26 14:45:39+05:30,,"{""param1"": ""exist"", ""param2"": 79}",,,2412621000,False,2025-08-26 14:44:46.655639+05:30,S000
68,25,step_67,fallback,succeeded,1,2025-09-04 19:41:19+05:30,2025-09-20 23:02:46+05:30,"{""param1"": ""two"", ""param2"": 16}",,,1394487000,False,2025-09-04 19:40:35.175813+05:30,S000
69,8,step_68,map,succeeded,1,2025-09-07 17:24:39+05:30,2025-09-11 02:25:48+05:30,"{""param1"": ""eat"", ""param2"": 80}","{""result"": ""middle""}",,291669000,True,2025-09-07 17:23:58.842494+05:30,S000
70,25,step_69,model_call,failed,0,2025-09-21 03:22:10+05:30,2025-09-22 21:15:26+05:30,"{""param1"": ""too"", ""param2"": 94}",,,150796000,False,2025-09-21 03:21:31.232041+05:30,S000
71,20,step_70,wait,compensating,2,2025-09-02 00:11:31+05:30,,"{""param1"": ""red"", ""param2"": 85}",,,1860269000,False,2025-09-02 00:11:07.203865+05:30,S000
72,1,step_71,map,succeeded,1,2025-08-31 12:21:01+05:30,2025-09-18 21:57:27+05:30,"{""param1"": ""power"", ""param2"": 97}",,"{""error"": ""validation_fail"", ""code"": ""V004""}",1589786000,True,2025-08-31 12:20:39.686378+05:30,V004
73,19,step_72,join,failed,0,2025-09-13 11:16:53+05:30,,"{""param1"": ""now"", ""param2"": 40}",,,869947000,False,2025-09-13 11:16:31.333359+05:30,S000
74,27,step_73,wait,failed,0,2025-09-09 21:21:49+05:30,2025-09-22 14:11:43+05:30,"{""param1"": ""strategy"", ""param2"": 54}",,,1097394000,False,2025-09-09 21:21:01.646087+05:30,S000
75,14,step_74,sql_query,succeeded,0,2025-09-15 22:38:57+05:30,2025-09-21 01:08:34+05:30,"{""param1"": ""at"", ""param2"": 84}",,,440977000,False,2025-09-15 22:38:44.002835+05:30,S000
76,27,step_75,switch,running,0,2025-09-15 20:27:48+05:30,,"{""param1"": ""across"", ""param2"": 53}",,"{""error"": ""network_fail"", ""code"": ""N002""}",664092000,False,2025-09-15 20:27:07.700152+05:30,N002
77,6,step_76,sql_query,waiting,0,2025-09-11 21:27:27+05:30,,"{""param1"": ""technology"", ""param2"": 66}",,,1006113000,False,2025-09-11 21:27:14.750159+05:30,S000
78,11,step_77,map,failed,0,2025-09-23 03:20:50+05:30,,"{""param1"": ""effort"", ""param2"": 17}",,,34510000,False,2025-09-23 03:20:22.934068+05:30,S000
79,28,step_78,join,failed,0,2025-09-02 00:15:11+05:30,2025-09-13 23:55:20+05:30,"{""param1"": ""stand"", ""param2"": 72}",,"{""error"": ""validation_fail"", ""code"": ""V004""}",1035609000,False,2025-09-02 00:14:14.557023+05:30,V004
80,7,step_79,compensate,succeeded,0,2025-09-15 16:47:17+05:30,,"{""param1"": ""arrive"", ""param2"": 38}",,,677323000,False,2025-09-15 16:46:43.733153+05:30,S000
81,14,step_80,map,failed,0,2025-09-08 11:09:19+05:30,,"{""param1"": ""include"", ""param2"": 66}","{""result"": ""study""}",,1302401000,False,2025-09-08 11:07:58.497906+05:30,S000
82,2,step_81,model_call,succeeded,0,2025-09-01 17:19:10+05:30,2025-09-13 12:56:55+05:30,"{""param1"": ""necessary"", ""param2"": 81}",,,1021065000,False,2025-09-01 17:18:58.607388+05:30,S000
83,13,step_82,python_fn,succeeded,1,2025-09-07 15:05:58+05:30,2025-09-07 23:13:21+05:30,"{""param1"": ""strategy"", ""param2"": 90}","{""result"": ""still""}","{""error"": ""timeout_error"", ""code"": ""T001""}",29243000,True,2025-09-07 15:05:26.680082+05:30,T001
84,16,step_83,map,failed,0,2025-09-12 07:27:50+05:30,,"{""param1"": ""material"", ""param2"": 81}",,,970090000,False,2025-09-12 07:27:31.267641+05:30,S000
85,3,step_84,switch,succeeded,3,2025-09-11 13:28:26+05:30,,"{""param1"": ""fish"", ""param2"": 25}","{""result"": ""into""}",,1034854000,False,2025-09-11 13:27:42.808776+05:30,S000
86,17,step_85,switch,succeeded,4,2025-08-26 13:44:17+05:30,2025-09-17 21:43:07+05:30,"{""param1"": ""relationship"", ""param2"": 13}",,,1929530000,False,2025-08-26 13:44:04.479161+05:30,S000
87,7,step_86,map,failed,0,2025-09-16 01:05:38+05:30,,"{""param1"": ""allow"", ""param2"": 50}",,"{""error"": ""validation_fail"", ""code"": ""V004""}",647422000,False,2025-09-16 01:04:59.155940+05:30,V004
88,3,step_87,wait,succeeded,0,2025-09-04 05:49:51+05:30,,"{""param1"": ""after"", ""param2"": 81}",,"{""error"": ""api_down"", ""code"": ""N003""}",1667169000,True,2025-09-04 05:49:15.986073+05:30,N003
89,1,step_88,python_fn,succeeded,0,2025-08-30 05:58:09+05:30,,"{""param1"": ""gas"", ""param2"": 60}",,,2098671000,False,2025-08-30 05:56:46.519432+05:30,S000
90,29,step_89,model_call,running,0,2025-09-12 13:07:52+05:30,2025-09-18 03:52:52+05:30,"{""param1"": ""exactly"", ""param2"": 67}",,,485100000,False,2025-09-12 13:07:24.952071+05:30,S000
91,5,step_90,map,failed,1,2025-09-06 12:32:18+05:30,2025-09-10 00:28:21+05:30,"{""param1"": ""leader"", ""param2"": 16}",,"{""error"": ""timeout_error"", ""code"": ""T001""}",302163000,False,2025-09-06 12:31:47.670473+05:30,T001
92,21,step_91,wait,succeeded,0,2025-08-29 20:02:52+05:30,,"{""param1"": ""child"", ""param2"": 100}",,,2134388000,False,2025-08-29 20:02:06.264058+05:30,S000
93,9,step_92,switch,waiting,0,2025-09-22 03:02:52+05:30,2025-09-22 15:24:54+05:30,"{""param1"": ""under"", ""param2"": 19}",,"{""error"": ""network_fail"", ""code"": ""N002""}",44522000,False,2025-09-22 03:02:15.726485+05:30,N002
94,3,step_93,switch,succeeded,0,2025-09-01 21:21:12+05:30,,"{""param1"": ""serious"", ""param2"": 95}","{""result"": ""already""}",,1870488000,False,2025-09-01 21:20:16.986794+05:30,S000
95,21,step_94,join,running,0,2025-09-07 05:42:02+05:30,,"{""param1"": ""example"", ""param2"": 12}",,,1408438000,False,2025-09-07 05:41:18.181947+05:30,S000
96,28,step_95,map,failed,1,2025-09-17 23:57:01+05:30,,"{""param1"": ""during"", ""param2"": 95}",,,478739000,False,2025-09-17 23:56:03.703768+05:30,S000
97,17,step_96,python_fn,compensating,0,2025-09-07 18:18:13+05:30,2025-09-17 06:16:21+05:30,"{""param1"": ""war"", ""param2"": 46}",,"{""error"": ""network_fail"", ""code"": ""N002""}",820688000,False,2025-09-07 18:18:02.944395+05:30,N002
98,25,step_97,http_call,running,0,2025-09-17 03:43:24+05:30,2025-09-22 16:15:11+05:30,"{""param1"": ""recently"", ""param2"": 28}",,"{""error"": ""validation_fail"", ""code"": ""V004""}",477107000,False,2025-09-17 03:43:03.105431+05:30,V004
99,11,step_98,python_fn,running,0,2025-09-04 14:26:38+05:30,2025-09-23 02:19:13+05:30,"{""param1"": ""chance"", ""param2"": 33}",,,1597955000,False,2025-09-04 14:25:56.314420+05:30,S000
100,1,step_99,switch,running,5,2025-09-10 10:08:50+05:30,2025-09-12 16:17:05+05:30,"{""param1"": ""sell"", ""param2"": 96}","{""result"": ""decade""}",,194895000,False,2025-09-10 10:08:39.187828+05:30,S000
101,9,step_100,switch,succeeded,0,2025-09-17 01:08:11+05:30,,"{""param1"": ""president"", ""param2"": 53}",,,560869000,False,2025-09-17 01:07:44.823479+05:30,S000
102,29,step_101,sql_query,succeeded,0,2025-09-20 19:04:43+05:30,2025-09-23 11:28:47+05:30,"{""param1"": ""ever"", ""param2"": 52}",,,231844000,False,2025-09-20 19:04:05.171079+05:30,S000
103,3,step_102,switch,running,1,2025-09-10 08:23:24+05:30,2025-09-15 18:36:12+05:30,"{""param1"": ""member"", ""param2"": 66}",,,468768000,False,2025-09-10 08:23:07.271187+05:30,S000
104,13,step_103,model_call,succeeded,0,2025-09-01 20:53:56+05:30,2025-09-04 02:14:20+05:30,"{""param1"": ""between"", ""param2"": 64}",,,192024000,False,2025-09-01 20:49:36.267118+05:30,S000
105,15,step_104,fallback,running,4,2025-09-03 10:13:36+05:30,2025-09-20 08:52:25+05:30,"{""param1"": ""woman"", ""param2"": 90}","{""result"": ""rock""}",,1463929000,False,2025-09-03 10:12:53.510598+05:30,S000
106,14,step_105,map,succeeded,1,2025-09-04 00:42:39+05:30,2025-09-13 14:59:48+05:30,"{""param1"": ""be"", ""param2"": 62}",,,829029000,False,2025-09-04 00:42:08.898639+05:30,S000
107,7,step_106,python_fn,failed,1,2025-08-31 18:33:03+05:30,2025-09-16 23:53:13+05:30,"{""param1"": ""expect"", ""param2"": 50}",,,1401610000,False,2025-08-31 18:32:14.008956+05:30,S000
108,13,step_107,fallback,succeeded,1,2025-08-29 17:03:25+05:30,2025-09-11 22:29:50+05:30,"{""param1"": ""able"", ""param2"": 77}",,,1142785000,False,2025-08-29 17:03:14.998464+05:30,S000
109,22,step_108,wait,succeeded,4,2025-09-14 20:16:33+05:30,2025-09-21 22:42:11+05:30,"{""param1"": ""billion"", ""param2"": 58}",,,613538000,False,2025-09-14 20:16:05.170191+05:30,S000
110,27,step_109,http_call,failed,3,2025-09-21 02:07:46+05:30,2025-09-22 05:37:33+05:30,"{""param1"": ""fly"", ""param2"": 89}",,,98987000,False,2025-09-21 02:07:35.355127+05:30,S000
111,24,step_110,model_call,failed,1,2025-09-22 16:18:11+05:30,2025-09-23 09:32:32+05:30,"{""param1"": ""onto"", ""param2"": 19}",,,62061000,False,2025-09-22 16:17:18.442463+05:30,S000
112,29,step_111,python_fn,failed,1,2025-08-30 15:55:58+05:30,2025-09-12 16:15:05+05:30,"{""param1"": ""force"", ""param2"": 18}",,,1124347000,False,2025-08-30 15:55:19.712752+05:30,S000
113,7,step_112,fallback,succeeded,0,2025-09-13 13:17:20+05:30,2025-09-19 22:11:32+05:30,"{""param1"": ""enough"", ""param2"": 21}",,,550452000,False,2025-09-13 13:17:05.747181+05:30,S000
114,20,step_113,http_call,succeeded,0,2025-09-04 12:37:19+05:30,2025-09-19 00:38:10+05:30,"{""param1"": ""say"", ""param2"": 12}",,"{""error"": ""timeout_error"", ""code"": ""T001""}",1252851000,True,2025-09-04 12:36:50.001046+05:30,T001
115,15,step_114,sql_query,running,0,2025-09-22 10:57:38+05:30,2025-09-22 17:53:39+05:30,"{""param1"": ""least"", ""param2"": 44}","{""result"": ""team""}",,24961000,False,2025-09-22 10:57:08.563683+05:30,S000
116,12,step_115,model_call,succeeded,0,2025-09-05 01:36:51+05:30,2025-09-17 22:14:10+05:30,"{""param1"": ""risk"", ""param2"": 43}",,"{""error"": ""timeout_error"", ""code"": ""T001""}",1111039000,True,2025-09-05 01:36:36.251736+05:30,T001
117,17,step_116,model_call,failed,0,2025-09-15 07:16:49+05:30,2025-09-18 23:48:07+05:30,"{""param1"": ""yes"", ""param2"": 83}",,,318678000,False,2025-09-15 07:16:34.167758+05:30,S000
118,14,step_117,sql_query,failed,0,2025-09-19 16:29:09+05:30,,"{""param1"": ""defense"", ""param2"": 11}",,,332811000,False,2025-09-19 16:28:09.633192+05:30,S000
119,20,step_118,map,running,0,2025-09-21 08:12:36+05:30,2025-09-21 14:53:06+05:30,"{""param1"": ""necessary"", ""param2"": 20}",,,24030000,False,2025-09-21 08:11:59.406412+05:30,S000
120,23,step_119,sql_query,failed,1,2025-09-12 10:50:12+05:30,,"{""param1"": ""phone"", ""param2"": 75}","{""result"": ""pattern""}",,957948000,False,2025-09-12 10:49:12.221555+05:30,S000
121,25,step_120,model_call,waiting,3,2025-09-13 06:58:27+05:30,2025-09-17 17:30:06+05:30,"{""param1"": ""law"", ""param2"": 74}",,,383499000,False,2025-09-13 06:57:36.376309+05:30,S000
122,24,step_121,model_call,compensating,0,2025-08-28 22:09:32+05:30,,"{""param1"": ""talk"", ""param2"": 37}",,,2213188000,False,2025-08-28 22:09:06.712802+05:30,S000
123,27,step_122,fallback,succeeded,0,2025-09-09 10:33:16+05:30,,"{""param1"": ""include"", ""param2"": 36}",,,1218164000,False,2025-09-09 10:32:32.374637+05:30,S000
124,27,step_123,switch,succeeded,2,2025-08-30 07:02:14+05:30,2025-09-17 23:44:58+05:30,"{""param1"": ""every"", ""param2"": 83}",,"{""error"": ""validation_fail"", ""code"": ""V004""}",1615364000,True,2025-08-30 07:01:48.238028+05:30,V004
125,27,step_124,http_call,succeeded,0,2025-09-19 18:17:53+05:30,,"{""param1"": ""energy"", ""param2"": 15}","{""result"": ""realize""}",,326287000,False,2025-09-19 18:17:11.380187+05:30,S000
126,12,step_125,sql_query,succeeded,2,2025-08-29 23:43:23+05:30,2025-09-10 14:40:03+05:30,"{""param1"": ""between"", ""param2"": 96}","{""result"": ""house""}",,1004200000,False,2025-08-29 23:42:44.075375+05:30,S000
127,8,step_126,http_call,failed,0,2025-09-09 09:56:46+05:30,2025-09-13 13:02:04+05:30,"{""param1"": ""father"", ""param2"": 49}",,,356718000,False,2025-09-09 09:56:00.969425+05:30,S000
128,28,step_127,sql_query,compensating,0,2025-09-11 07:10:29+05:30,,"{""param1"": ""worker"", ""param2"": 89}",,,1057531000,True,2025-09-11 07:09:35.357029+05:30,S000
129,14,step_128,wait,succeeded,4,2025-09-03 03:38:28+05:30,2025-09-20 07:18:49+05:30,"{""param1"": ""seek"", ""param2"": 30}",,"{""error"": ""timeout_error"", ""code"": ""T001""}",1482021000,True,2025-09-03 03:37:41.487541+05:30,T001
130,12,step_129,model_call,succeeded,0,2025-09-15 12:58:02+05:30,,"{""param1"": ""prove"", ""param2"": 31}",,,691078000,False,2025-09-15 12:57:42.668003+05:30,S000
131,0,step_130,switch,succeeded,1,2025-09-11 08:30:51+05:30,,"{""param1"": ""hospital"", ""param2"": 30}",,"{""error"": ""api_down"", ""code"": ""N003""}",1052709000,True,2025-09-11 08:28:41.994609+05:30,N003
132,24,step_131,fallback,running,2,2025-09-18 10:43:05+05:30,2025-09-23 01:10:32+05:30,"{""param1"": ""machine"", ""param2"": 16}","{""result"": ""better""}","{""error"": ""validation_fail"", ""code"": ""V004""}",397647000,False,2025-09-18 10:42:24.144703+05:30,V004
133,6,step_132,switch,failed,0,2025-09-23 11:17:33+05:30,,"{""param1"": ""place"", ""param2"": 60}",,,5907000,False,2025-09-23 11:17:13.187714+05:30,S000
134,8,step_133,switch,succeeded,1,2025-09-13 12:52:29+05:30,2025-09-13 14:49:50+05:30,"{""param1"": ""rest"", ""param2"": 16}",,,7041000,False,2025-09-13 12:51:30.826003+05:30,S000
135,23,step_134,switch,compensating,4,2025-09-05 19:19:39+05:30,2025-09-12 06:50:43+05:30,"{""param1"": ""institution"", ""param2"": 93}",,"{""error"": ""api_down"", ""code"": ""N003""}",559864000,False,2025-09-05 19:19:05.075446+05:30,N003
136,0,step_135,http_call,running,0,2025-08-30 18:47:46+05:30,,"{""param1"": ""main"", ""param2"": 54}",,"{""error"": ""validation_fail"", ""code"": ""V004""}",2052494000,False,2025-08-30 18:47:08.931279+05:30,V004
137,11,step_136,sql_query,succeeded,2,2025-09-12 02:28:47+05:30,2025-09-20 03:32:36+05:30,"{""param1"": ""eight"", ""param2"": 76}",,"{""error"": ""validation_fail"", ""code"": ""V004""}",695029000,True,2025-09-12 02:27:32.370568+05:30,V004
138,7,step_137,compensate,failed,0,2025-09-21 10:40:29+05:30,2025-09-22 02:54:44+05:30,"{""param1"": ""admit"", ""param2"": 68}",,,58455000,False,2025-09-21 10:39:49.720616+05:30,S000
139,23,step_138,wait,running,1,2025-09-07 10:45:22+05:30,2025-09-10 07:09:05+05:30,"{""param1"": ""line"", ""param2"": 40}","{""result"": ""not""}",,246223000,False,2025-09-07 10:45:00.312960+05:30,S000
140,10,step_139,python_fn,succeeded,1,2025-09-06 16:41:58+05:30,2025-09-11 21:51:06+05:30,"{""param1"": ""maintain"", ""param2"": 22}",,"{""error"": ""api_down"", ""code"": ""N003""}",450548000,True,2025-09-06 16:41:06.996625+05:30,N003
141,18,step_140,switch,succeeded,0,2025-09-16 18:45:22+05:30,2025-09-21 14:52:22+05:30,"{""param1"": ""necessary"", ""param2"": 72}",,,418020000,False,2025-09-16 18:42:21.946943+05:30,S000
142,16,step_141,map,succeeded,3,2025-09-10 08:02:40+05:30,2025-09-17 17:06:42+05:30,"{""param1"": ""mention"", ""param2"": 79}","{""result"": ""bank""}",,637442000,False,2025-09-10 08:02:17.384404+05:30,S000
143,7,step_142,http_call,succeeded,3,2025-08-28 18:36:21+05:30,2025-09-10 02:14:40+05:30,"{""param1"": ""eye"", ""param2"": 23}",,,1064299000,True,2025-08-28 18:35:40.318105+05:30,S000
144,2,step_143,fallback,waiting,1,2025-09-07 13:32:14+05:30,2025-09-18 04:46:04+05:30,"{""param1"": ""boy"", ""param2"": 47}",,,918830000,False,2025-09-07 13:31:23.503779+05:30,S000
145,2,step_144,python_fn,compensating,1,2025-09-09 14:29:48+05:30,2025-09-16 06:26:32+05:30,"{""param1"": ""report"", ""param2"": 18}",,,575804000,False,2025-09-09 14:29:01.488914+05:30,S000
146,0,step_145,compensate,succeeded,1,2025-09-09 07:19:05+05:30,2025-09-19 18:33:31+05:30,"{""param1"": ""establish"", ""param2"": 74}","{""result"": ""travel""}",,904466000,False,2025-09-09 07:18:22.951724+05:30,S000
147,26,step_146,map,succeeded,0,2025-09-14 06:47:53+05:30,2025-09-17 02:14:49+05:30,"{""param1"": ""vote"", ""param2"": 31}",,,242816000,False,2025-09-14 06:47:33.503193+05:30,S000
148,4,step_147,compensate,succeeded,1,2025-09-14 10:56:03+05:30,2025-09-15 01:51:15+05:30,"{""param1"": ""third"", ""param2"": 40}",,"{""error"": ""network_fail"", ""code"": ""N002""}",53712000,True,2025-09-14 10:55:25.176768+05:30,N002
149,9,step_148,python_fn,succeeded,0,2025-08-26 21:19:07+05:30,,"{""param1"": ""station"", ""param2"": 83}","{""result"": ""specific""}",,2389013000,False,2025-08-26 21:18:11.433040+05:30,S000
150,6,step_149,switch,waiting,0,2025-09-11 04:14:36+05:30,2025-09-11 17:24:10+05:30,"{""param1"": ""life"", ""param2"": 14}",,,47374000,False,2025-09-11 04:12:19.530217+05:30,S000
151,25,step_150,map,succeeded,1,2025-09-08 07:03:20+05:30,2025-09-13 05:55:46+05:30,"{""param1"": ""finally"", ""param2"": 18}",,,427946000,False,2025-09-08 06:59:15.799971+05:30,S000
152,8,step_151,compensate,succeeded,0,2025-09-10 11:39:00+05:30,2025-09-18 18:51:36+05:30,"{""param1"": ""most"", ""param2"": 73}",,,717156000,True,2025-09-10 11:38:33.432389+05:30,S000
153,27,step_152,fallback,succeeded,0,2025-08-29 06:06:13+05:30,2025-09-15 13:06:41+05:30,"{""param1"": ""let"", ""param2"": 55}",,"{""error"": ""timeout_error"", ""code"": ""T001""}",1494028000,True,2025-08-29 06:05:43.203139+05:30,T001
154,6,step_153,sql_query,failed,0,2025-09-01 22:29:22+05:30,2025-09-06 19:39:20+05:30,"{""param1"": ""behind"", ""param2"": 11}",,"{""error"": ""validation_fail"", ""code"": ""V004""}",421798000,False,2025-09-01 22:28:49.290817+05:30,V004
155,8,step_154,model_call,succeeded,0,2025-08-28 11:35:00+05:30,,"{""param1"": ""baby"", ""param2"": 72}","{""result"": ""star""}",,2251260000,False,2025-08-28 11:34:03.263504+05:30,S000
156,7,step_155,sql_query,running,1,2025-09-19 10:40:11+05:30,2025-09-21 21:48:50+05:30,"{""param1"": ""western"", ""param2"": 78}","{""result"": ""play""}",,212919000,True,2025-09-19 10:39:54.977633+05:30,S000
157,11,step_156,python_fn,succeeded,0,2025-09-18 19:00:02+05:30,,"{""param1"": ""responsibility"", ""param2"": 49}",,"{""error"": ""network_fail"", ""code"": ""N002""}",410158000,True,2025-09-18 18:59:03.533909+05:30,N002
158,1,step_157,http_call,running,1,2025-09-21 00:38:45+05:30,,"{""param1"": ""second"", ""param2"": 28}",,"{""error"": ""timeout_error"", ""code"": ""T001""}",217035000,False,2025-09-21 00:38:31.898162+05:30,T001
159,0,step_158,model_call,failed,0,2025-09-22 14:30:33+05:30,2025-09-22 20:05:21+05:30,"{""param1"": ""traditional"", ""param2"": 16}",,,20088000,False,2025-09-22 14:29:57.703417+05:30,S000
160,15,step_159,wait,succeeded,1,2025-08-31 18:17:59+05:30,,"{""param1"": ""build"", ""param2"": 14}",,,1967881000,False,2025-08-31 18:17:16.094889+05:30,S000
161,22,step_160,fallback,succeeded,0,2025-09-17 22:02:55+05:30,2025-09-21 00:21:03+05:30,"{""param1"": ""record"", ""param2"": 19}",,,267488000,False,2025-09-17 22:02:22.413026+05:30,S000
162,22,step_161,wait,waiting,0,2025-09-04 09:00:22+05:30,2025-09-21 00:10:25+05:30,"{""param1"": ""remember"", ""param2"": 87}","{""result"": ""yourself""}","{""error"": ""api_down"", ""code"": ""N003""}",1437003000,False,2025-09-04 08:59:51.964792+05:30,N003
163,29,step_162,map,compensating,1,2025-09-07 02:57:28+05:30,,"{""param1"": ""step"", ""param2"": 40}",,"{""error"": ""network_fail"", ""code"": ""N002""}",1418312000,False,2025-09-07 02:56:33.836320+05:30,N002
164,23,step_163,model_call,succeeded,2,2025-09-22 13:35:06+05:30,2025-09-23 04:36:08+05:30,"{""param1"": ""everybody"", ""param2"": 26}",,,54062000,False,2025-09-22 13:34:36.636279+05:30,S000
165,4,step_164,wait,succeeded,0,2025-09-18 09:12:28+05:30,,"{""param1"": ""player"", ""param2"": 60}",,,445412000,False,2025-09-18 09:11:55.898329+05:30,S000
166,2,step_165,wait,compensating,0,2025-09-12 10:35:43+05:30,2025-09-14 23:44:11+05:30,"{""param1"": ""during"", ""param2"": 45}",,,220108000,False,2025-09-12 10:35:29.927685+05:30,S000
167,11,step_166,compensate,failed,0,2025-08-30 06:23:15+05:30,,"{""param1"": ""imagine"", ""param2"": 13}",,,2097165000,False,2025-08-30 06:22:17.974802+05:30,S000
168,7,step_167,sql_query,succeeded,0,2025-09-09 11:10:47+05:30,2025-09-18 18:40:53+05:30,"{""param1"": ""woman"", ""param2"": 16}",,"{""error"": ""network_fail"", ""code"": ""N002""}",804606000,True,2025-09-09 11:09:49.271704+05:30,N002
169,21,step_168,compensate,compensating,1,2025-09-21 00:03:45+05:30,2025-09-21 01:32:15+05:30,"{""param1"": ""deep"", ""param2"": 75}",,,5310000,False,2025-09-21 00:03:11.129191+05:30,S000
170,26,step_169,model_call,succeeded,0,2025-09-05 23:59:23+05:30,2025-09-07 21:14:07+05:30,"{""param1"": ""stop"", ""param2"": 61}",,"{""error"": ""network_fail"", ""code"": ""N002""}",162884000,True,2025-09-05 23:58:43.913168+05:30,N002
171,2,step_170,model_call,failed,0,2025-09-10 16:17:50+05:30,2025-09-21 02:27:32+05:30,"{""param1"": ""offer"", ""param2"": 58}",,,900582000,False,2025-09-10 16:17:23.095780+05:30,S000
172,0,step_171,python_fn,succeeded,0,2025-09-19 02:11:46+05:30,,"{""param1"": ""discover"", ""param2"": 68}",,"{""error"": ""validation_fail"", ""code"": ""V004""}",384254000,True,2025-09-19 02:11:16.412877+05:30,V004
173,2,step_172,compensate,succeeded,0,2025-09-10 23:26:33+05:30,2025-09-16 16:10:11+05:30,"{""param1"": ""north"", ""param2"": 56}",,"{""error"": ""timeout_error"", ""code"": ""T001""}",492218000,True,2025-09-10 23:25:46.281716+05:30,T001
174,4,step_173,join,succeeded,0,2025-09-09 16:35:42+05:30,2025-09-17 18:30:24+05:30,"{""param1"": ""together"", ""param2"": 78}","{""result"": ""for""}","{""error"": ""validation_fail"", ""code"": ""V004""}",698082000,True,2025-09-09 16:35:29.071735+05:30,V004
175,14,step_174,sql_query,running,0,2025-09-22 21:14:40+05:30,,"{""param1"": ""word"", ""param2"": 22}","{""result"": ""those""}",,56480000,False,2025-09-22 21:14:00.238513+05:30,S000
176,13,step_175,model_call,succeeded,0,2025-08-28 16:44:24+05:30,,"{""param1"": ""get"", ""param2"": 93}",,,2232696000,False,2025-08-28 16:43:45.150919+05:30,S000
177,2,step_176,python_fn,succeeded,0,2025-09-16 05:23:48+05:30,2025-09-18 22:23:07+05:30,"{""param1"": ""know"", ""param2"": 15}","{""result"": ""level""}",,233959000,False,2025-09-16 05:22:57.849406+05:30,S000
178,0,step_177,compensate,succeeded,2,2025-09-11 01:13:42+05:30,2025-09-15 01:48:25+05:30,"{""param1"": ""only"", ""param2"": 64}",,,347683000,False,2025-09-11 01:13:28.035986+05:30,S000
179,4,step_178,sql_query,failed,0,2025-09-13 03:39:09+05:30,,"{""param1"": ""writer"", ""param2"": 38}",,,897411000,True,2025-09-13 03:38:13.599073+05:30,S000
180,25,step_179,compensate,compensating,4,2025-09-01 15:35:27+05:30,2025-09-18 00:45:25+05:30,"{""param1"": ""site"", ""param2"": 41}",,,1415398000,False,2025-09-01 15:35:02.183710+05:30,S000
181,22,step_180,wait,succeeded,0,2025-08-29 00:07:12+05:30,2025-08-30 22:43:12+05:30,"{""param1"": ""tend"", ""param2"": 28}",,"{""error"": ""api_down"", ""code"": ""N003""}",167760000,True,2025-08-29 00:06:54.427724+05:30,N003
182,13,step_181,python_fn,failed,2,2025-08-26 20:37:41+05:30,,"{""param1"": ""heart"", ""param2"": 58}",,,2391499000,False,2025-08-26 20:37:01.216009+05:30,S000
183,6,step_182,sql_query,waiting,1,2025-09-07 21:28:54+05:30,,"{""param1"": ""exist"", ""param2"": 14}","{""result"": ""action""}","{""error"": ""api_down"", ""code"": ""N003""}",1351626000,False,2025-09-07 21:24:08.443107+05:30,N003
184,26,step_183,switch,failed,1,2025-09-01 07:57:13+05:30,,"{""param1"": ""capital"", ""param2"": 70}",,"{""error"": ""network_fail"", ""code"": ""N002""}",1918727000,False,2025-09-01 07:56:33.668804+05:30,N002
185,8,step_184,map,succeeded,1,2025-09-22 01:09:32+05:30,,"{""param1"": ""read"", ""param2"": 87}",,,128788000,False,2025-09-22 01:09:17.990662+05:30,S000
186,14,step_185,map,succeeded,0,2025-09-16 22:07:06+05:30,,"{""param1"": ""own"", ""param2"": 81}",,"{""error"": ""timeout_error"", ""code"": ""T001""}",571734000,True,2025-09-16 22:06:24.495344+05:30,T001
187,14,step_186,sql_query,succeeded,0,2025-09-08 20:52:44+05:30,,"{""param1"": ""itself"", ""param2"": 97}","{""result"": ""ahead""}",,1267396000,False,2025-09-08 20:51:54.826522+05:30,S000
188,25,step_187,compensate,succeeded,0,2025-09-04 14:37:06+05:30,,"{""param1"": ""itself"", ""param2"": 47}",,,1635534000,False,2025-09-04 14:36:08.955992+05:30,S000
189,9,step_188,python_fn,succeeded,0,2025-08-28 11:34:49+05:30,,"{""param1"": ""every"", ""param2"": 54}",,,2251271000,True,2025-08-28 11:33:55.243319+05:30,S000
190,27,step_189,map,running,0,2025-09-07 17:12:04+05:30,2025-09-12 19:06:58+05:30,"{""param1"": ""choose"", ""param2"": 19}","{""result"": ""follow""}",,438894000,True,2025-09-07 17:11:45.142324+05:30,S000
191,12,step_190,python_fn,succeeded,0,2025-09-21 13:51:42+05:30,2025-09-21 21:25:02+05:30,"{""param1"": ""economy"", ""param2"": 66}",,,27200000,False,2025-09-21 13:51:29.985724+05:30,S000
192,18,step_191,map,succeeded,1,2025-09-18 18:30:40+05:30,2025-09-19 01:59:43+05:30,"{""param1"": ""out"", ""param2"": 19}",,,26943000,False,2025-09-18 18:30:04.185835+05:30,S000
193,6,step_192,wait,failed,0,2025-09-14 22:57:31+05:30,2025-09-15 21:48:27+05:30,"{""param1"": ""health"", ""param2"": 65}",,,82256000,False,2025-09-14 22:56:34.203138+05:30,S000
194,16,step_193,compensate,succeeded,1,2025-09-16 14:40:08+05:30,,"{""param1"": ""can"", ""param2"": 29}",,,598552000,False,2025-09-16 14:39:33.936102+05:30,S000
195,19,step_194,wait,waiting,1,2025-09-16 07:20:47+05:30,2025-09-17 23:24:13+05:30,"{""param1"": ""during"", ""param2"": 82}",,,144206000,True,2025-09-16 07:19:49.473359+05:30,S000
196,28,step_195,map,failed,5,2025-08-27 02:26:57+05:30,2025-09-15 21:33:58+05:30,"{""param1"": ""challenge"", ""param2"": 81}",,,1710421000,False,2025-08-27 02:22:01.177416+05:30,S000
197,3,step_196,switch,succeeded,0,2025-09-17 00:28:52+05:30,2025-09-18 16:39:46+05:30,"{""param1"": ""expect"", ""param2"": 88}","{""result"": ""authority""}",,144654000,False,2025-09-17 00:24:36.361560+05:30,S000
198,29,step_197,switch,running,0,2025-09-20 02:42:32+05:30,2025-09-20 08:24:09+05:30,"{""param1"": ""lose"", ""param2"": 60}","{""result"": ""machine""}",,20497000,True,2025-09-20 02:42:15.391017+05:30,S000
199,4,step_198,wait,failed,0,2025-09-22 23:52:32+05:30,2025-09-23 09:51:08+05:30,"{""param1"": ""language"", ""param2"": 73}","{""result"": ""I""}",,35916000,False,2025-09-22 23:51:49.802171+05:30,S000
200,22,step_199,switch,failed,0,2025-09-03 21:43:54+05:30,,"{""param1"": ""country"", ""param2"": 39}",,"{""error"": ""timeout_error"", ""code"": ""T001""}",1696326000,False,2025-09-03 21:43:41.271730+05:30,T001
201,6,step_200,map,succeeded,2,2025-09-09 19:18:07+05:30,2025-09-22 17:39:05+05:30,"{""param1"": ""work"", ""param2"": 63}","{""result"": ""worker""}",,1117258000,False,2025-09-09 19:17:11.879836+05:30,S000
202,12,step_201,sql_query,succeeded,0,2025-09-03 20:55:22+05:30,,"{""param1"": ""break"", ""param2"": 100}",,,1699238000,False,2025-09-03 20:55:01.183361+05:30,S000
203,14,step_202,wait,running,1,2025-09-06 10:15:23+05:30,,"{""param1"": ""seem"", ""param2"": 46}",,,1478437000,False,2025-09-06 10:15:10.581864+05:30,S000
204,10,step_203,http_call,succeeded,0,2025-09-21 21:18:31+05:30,2025-09-22 04:06:08+05:30,"{""param1"": ""serve"", ""param2"": 93}",,"{""error"": ""api_down"", ""code"": ""N003""}",24457000,True,2025-09-21 21:17:39.682959+05:30,N003
205,28,step_204,compensate,succeeded,1,2025-09-02 02:12:29+05:30,2025-09-08 10:44:03+05:30,"{""param1"": ""environment"", ""param2"": 34}","{""result"": ""boy""}",,549094000,False,2025-09-02 02:12:01.344856+05:30,S000
206,3,step_205,switch,succeeded,1,2025-09-19 20:18:13+05:30,2025-09-22 13:41:02+05:30,"{""param1"": ""another"", ""param2"": 52}",,,235369000,False,2025-09-19 20:17:35.265649+05:30,S000
207,12,step_206,switch,running,0,2025-09-04 02:58:20+05:30,2025-09-07 02:40:54+05:30,"{""param1"": ""day"", ""param2"": 45}","{""result"": ""story""}",,258154000,False,2025-09-04 02:57:38.427060+05:30,S000
208,6,step_207,model_call,succeeded,0,2025-09-17 12:47:45+05:30,2025-09-19 20:48:05+05:30,"{""param1"": ""friend"", ""param2"": 38}",,"{""error"": ""timeout_error"", ""code"": ""T001""}",201620000,True,2025-09-17 12:47:05.071850+05:30,T001
209,26,step_208,join,waiting,0,2025-08-26 17:08:39+05:30,2025-09-12 09:55:36+05:30,"{""param1"": ""outside"", ""param2"": 14}",,,1442817000,False,2025-08-26 17:07:41.102707+05:30,S000
210,18,step_209,wait,failed,0,2025-09-11 15:12:15+05:30,2025-09-19 06:39:26+05:30,"{""param1"": ""no"", ""param2"": 75}",,"{""error"": ""api_down"", ""code"": ""N003""}",660431000,False,2025-09-11 15:11:34.745524+05:30,N003
211,21,step_210,fallback,waiting,0,2025-09-12 22:19:13+05:30,,"{""param1"": ""fire"", ""param2"": 82}",,,916607000,False,2025-09-12 22:18:31.717461+05:30,S000
212,27,step_211,switch,compensating,0,2025-08-27 08:00:32+05:30,,"{""param1"": ""never"", ""param2"": 83}",,,2350528000,False,2025-08-27 08:00:12.758080+05:30,S000
213,1,step_212,compensate,waiting,0,2025-09-18 22:19:40+05:30,,"{""param1"": ""late"", ""param2"": 81}","{""result"": ""hour""}","{""error"": ""validation_fail"", ""code"": ""V004""}",398180000,False,2025-09-18 22:16:14.558123+05:30,V004
214,9,step_213,http_call,waiting,0,2025-09-15 21:40:45+05:30,2025-09-18 07:05:44+05:30,"{""param1"": ""recent"", ""param2"": 18}",,"{""error"": ""api_down"", ""code"": ""N003""}",206699000,False,2025-09-15 21:40:08.829931+05:30,N003
215,12,step_214,switch,succeeded,0,2025-09-01 09:46:58+05:30,2025-09-22 23:33:10+05:30,"{""param1"": ""movie"", ""param2"": 80}","{""result"": ""her""}",,1863972000,False,2025-09-01 09:46:14.673901+05:30,S000
216,29,step_215,http_call,failed,1,2025-08-27 08:10:24+05:30,2025-09-03 08:25:31+05:30,"{""param1"": ""move"", ""param2"": 24}",,,605707000,False,2025-08-27 08:07:37.401745+05:30,S000
217,24,step_216,map,succeeded,0,2025-09-18 07:49:57+05:30,,"{""param1"": ""who"", ""param2"": 95}","{""result"": ""series""}",,450363000,True,2025-09-18 07:49:37.777047+05:30,S000
218,20,step_217,map,succeeded,1,2025-09-15 08:16:40+05:30,2025-09-16 04:27:59+05:30,"{""param1"": ""baby"", ""param2"": 25}",,"{""error"": ""network_fail"", ""code"": ""N002""}",72679000,True,2025-09-15 08:16:10.664647+05:30,N002
219,5,step_218,join,failed,0,2025-09-03 21:01:11+05:30,,"{""param1"": ""rock"", ""param2"": 70}",,,1698889000,True,2025-09-03 20:58:34.927368+05:30,S000
220,27,step_219,sql_query,failed,0,2025-09-16 10:16:29+05:30,2025-09-21 09:15:17+05:30,"{""param1"": ""over"", ""param2"": 88}",,"{""error"": ""api_down"", ""code"": ""N003""}",428328000,False,2025-09-16 10:15:54.835286+05:30,N003
221,27,step_220,fallback,succeeded,2,2025-08-28 03:46:02+05:30,2025-09-21 11:07:22+05:30,"{""param1"": ""just"", ""param2"": 56}",,,2100080000,False,2025-08-28 03:45:10.042670+05:30,S000
222,11,step_221,model_call,failed,0,2025-08-26 23:22:31+05:30,2025-09-22 11:41:10+05:30,"{""param1"": ""support"", ""param2"": 23}",,,2290719000,False,2025-08-26 23:21:55.715163+05:30,S000
223,11,step_222,join,waiting,0,2025-09-16 17:16:24+05:30,2025-09-17 20:23:56+05:30,"{""param1"": ""determine"", ""param2"": 24}",,,97652000,False,2025-09-16 17:15:05.993793+05:30,S000
224,19,step_223,python_fn,failed,0,2025-09-10 03:46:16+05:30,2025-09-19 19:17:08+05:30,"{""param1"": ""machine"", ""param2"": 96}",,,833452000,False,2025-09-10 03:45:37.699079+05:30,S000
225,29,step_224,model_call,running,0,2025-09-04 21:44:48+05:30,,"{""param1"": ""agent"", ""param2"": 44}",,,1609872000,True,2025-09-04 21:44:10.106316+05:30,S000
226,29,step_225,wait,waiting,0,2025-08-28 20:20:04+05:30,,"{""param1"": ""through"", ""param2"": 53}",,,2219756000,False,2025-08-28 20:19:51.565258+05:30,S000
227,10,step_226,compensate,compensating,0,2025-09-19 05:58:50+05:30,2025-09-21 10:04:31+05:30,"{""param1"": ""hot"", ""param2"": 88}",,,187541000,False,2025-09-19 05:57:38.468259+05:30,S000
228,25,step_227,python_fn,failed,2,2025-08-31 19:48:36+05:30,2025-09-20 07:58:52+05:30,"{""param1"": ""give"", ""param2"": 64}",,,1685416000,False,2025-08-31 19:47:58.936494+05:30,S000
229,22,step_228,python_fn,waiting,0,2025-08-27 12:11:04+05:30,2025-09-08 21:24:40+05:30,"{""param1"": ""performance"", ""param2"": 63}","{""result"": ""month""}",,1070016000,False,2025-08-27 12:10:51.720742+05:30,S000
230,27,step_229,join,compensating,0,2025-09-14 06:10:04+05:30,,"{""param1"": ""throw"", ""param2"": 28}",,,801956000,False,2025-09-14 06:09:11.891731+05:30,S000
231,24,step_230,sql_query,compensating,0,2025-09-02 23:41:43+05:30,,"{""param1"": ""particular"", ""param2"": 38}",,,1775657000,False,2025-09-02 23:41:29.140623+05:30,S000
232,6,step_231,join,succeeded,1,2025-09-22 04:42:11+05:30,2025-09-22 14:20:36+05:30,"{""param1"": ""surface"", ""param2"": 60}","{""result"": ""particularly""}",,34705000,False,2025-09-22 04:41:54.652779+05:30,S000
233,29,step_232,wait,succeeded,0,2025-09-01 00:17:50+05:30,,"{""param1"": ""born"", ""param2"": 42}",,"{""error"": ""timeout_error"", ""code"": ""T001""}",1946290000,True,2025-09-01 00:17:14.071916+05:30,T001
234,0,step_233,switch,succeeded,0,2025-09-15 05:55:13+05:30,,"{""param1"": ""against"", ""param2"": 81}","{""result"": ""other""}",,716447000,False,2025-09-15 05:54:45.093014+05:30,S000
235,0,step_234,switch,succeeded,0,2025-09-02 11:24:05+05:30,2025-09-07 15:15:21+05:30,"{""param1"": ""what"", ""param2"": 83}",,,445876000,False,2025-09-02 11:23:20.784288+05:30,S000
236,24,step_235,sql_query,failed,3,2025-09-10 07:26:35+05:30,2025-09-22 07:50:17+05:30,"{""param1"": ""simply"", ""param2"": 25}",,,1038222000,False,2025-09-10 07:26:17.872172+05:30,S000
237,26,step_236,wait,running,0,2025-09-10 00:48:28+05:30,,"{""param1"": ""president"", ""param2"": 21}","{""result"": ""increase""}",,1166852000,False,2025-09-10 00:47:50.263410+05:30,S000
238,29,step_237,sql_query,waiting,0,2025-09-15 05:33:09+05:30,2025-09-15 08:43:26+05:30,"{""param1"": ""second"", ""param2"": 50}",,"{""error"": ""timeout_error"", ""code"": ""T001""}",11417000,False,2025-09-15 05:32:06.999201+05:30,T001
239,24,step_238,http_call,succeeded,0,2025-08-28 22:46:02+05:30,2025-09-22 17:28:02+05:30,"{""param1"": ""bar"", ""param2"": 72}","{""result"": ""look""}","{""error"": ""api_down"", ""code"": ""N003""}",2140920000,True,2025-08-28 22:45:19.909024+05:30,N003
240,19,step_239,switch,waiting,1,2025-09-09 12:26:02+05:30,,"{""param1"": ""case"", ""param2"": 77}",,,1211398000,False,2025-09-09 12:25:27.517796+05:30,S000
241,12,step_240,python_fn,failed,0,2025-08-30 20:44:11+05:30,2025-09-14 02:49:00+05:30,"{""param1"": ""sea"", ""param2"": 29}",,,1231489000,False,2025-08-30 20:43:59.799748+05:30,S000
242,8,step_241,fallback,running,0,2025-09-23 08:20:07+05:30,2025-09-23 09:15:10+05:30,"{""param1"": ""often"", ""param2"": 98}",,,3303000,True,2025-09-23 08:19:48.145887+05:30,S000
243,2,step_242,compensate,compensating,1,2025-09-16 07:11:34+05:30,2025-09-22 02:14:57+05:30,"{""param1"": ""though"", ""param2"": 92}","{""result"": ""care""}",,500603000,False,2025-09-16 07:06:44.343816+05:30,S000
244,6,step_243,wait,failed,1,2025-09-05 11:04:36+05:30,2025-09-19 20:52:18+05:30,"{""param1"": ""agency"", ""param2"": 63}",,"{""error"": ""validation_fail"", ""code"": ""V004""}",1244862000,False,2025-09-05 11:03:49.567186+05:30,V004
245,5,step_244,model_call,succeeded,0,2025-08-29 12:38:34+05:30,2025-09-06 15:58:37+05:30,"{""param1"": ""free"", ""param2"": 96}",,"{""error"": ""api_down"", ""code"": ""N003""}",703203000,True,2025-08-29 12:38:04.342644+05:30,N003
246,7,step_245,sql_query,waiting,2,2025-08-30 13:13:32+05:30,,"{""param1"": ""each"", ""param2"": 76}",,,2072548000,False,2025-08-30 13:13:17.151716+05:30,S000
247,26,step_246,compensate,succeeded,0,2025-09-07 09:31:46+05:30,,"{""param1"": ""run"", ""param2"": 58}",,"{""error"": ""api_down"", ""code"": ""N003""}",1394654000,True,2025-09-07 09:30:56.124298+05:30,N003
248,8,step_247,model_call,succeeded,0,2025-08-30 10:17:03+05:30,,"{""param1"": ""rather"", ""param2"": 95}",,,2083137000,False,2025-08-30 10:16:25.653556+05:30,S000
249,29,step_248,compensate,waiting,0,2025-09-02 06:03:49+05:30,2025-09-21 08:05:02+05:30,"{""param1"": ""south"", ""param2"": 71}",,,1648873000,False,2025-09-02 06:02:52.878286+05:30,S000
250,4,step_249,fallback,succeeded,5,2025-08-31 12:15:19+05:30,,"{""param1"": ""outside"", ""param2"": 92}",,,1989641000,False,2025-08-31 12:13:10.936406+05:30,S000
251,0,step_250,model_call,running,0,2025-09-04 01:25:09+05:30,2025-09-09 18:42:02+05:30,"{""param1"": ""nature"", ""param2"": 41}","{""result"": ""exist""}",,494213000,True,2025-09-04 01:24:19.878709+05:30,S000
252,18,step_251,join,succeeded,0,2025-08-31 03:09:42+05:30,2025-09-06 11:06:58+05:30,"{""param1"": ""hold"", ""param2"": 57}",,"{""error"": ""network_fail"", ""code"": ""N002""}",547036000,True,2025-08-31 03:09:19.966474+05:30,N002
253,9,step_252,map,waiting,0,2025-09-20 10:12:20+05:30,2025-09-20 16:58:34+05:30,"{""param1"": ""occur"", ""param2"": 76}",,,24374000,False,2025-09-20 10:11:28.468862+05:30,S000
254,11,step_253,join,succeeded,1,2025-09-17 05:44:50+05:30,2025-09-20 17:11:54+05:30,"{""param1"": ""anything"", ""param2"": 23}",,,300424000,False,2025-09-17 05:44:20.033371+05:30,S000
255,23,step_254,switch,compensating,0,2025-09-18 07:51:00+05:30,2025-09-20 19:10:05+05:30,"{""param1"": ""gun"", ""param2"": 75}",,,213545000,False,2025-09-18 07:50:01.088967+05:30,S000
256,14,step_255,map,running,0,2025-09-09 08:09:02+05:30,2025-09-19 10:47:31+05:30,"{""param1"": ""score"", ""param2"": 84}",,"{""error"": ""validation_fail"", ""code"": ""V004""}",873509000,False,2025-09-09 08:08:12.042101+05:30,V004
257,26,step_256,join,succeeded,0,2025-09-22 16:33:00+05:30,,"{""param1"": ""today"", ""param2"": 55}",,,73380000,False,2025-09-22 16:32:13.456483+05:30,S000
258,21,step_257,map,failed,0,2025-09-04 03:07:08+05:30,,"{""param1"": ""sister"", ""param2"": 14}",,,1676932000,False,2025-09-04 03:06:29.082012+05:30,S000
259,23,step_258,map,compensating,0,2025-09-21 19:24:29+05:30,2025-09-23 01:25:40+05:30,"{""param1"": ""speak"", ""param2"": 82}",,"{""error"": ""network_fail"", ""code"": ""N002""}",108071000,False,2025-09-21 19:23:38.791722+05:30,N002
260,8,step_259,python_fn,succeeded,1,2025-09-11 03:59:56+05:30,,"{""param1"": ""age"", ""param2"": 51}",,,1068964000,False,2025-09-11 03:59:43.019134+05:30,S000
261,19,step_260,sql_query,succeeded,0,2025-09-09 20:34:04+05:30,,"{""param1"": ""six"", ""param2"": 93}",,,1182116000,True,2025-09-09 20:33:47.000631+05:30,S000
262,16,step_261,sql_query,succeeded,0,2025-09-06 15:47:13+05:30,2025-09-10 14:16:02+05:30,"{""param1"": ""third"", ""param2"": 37}",,,340129000,True,2025-09-06 15:46:35.570579+05:30,S000
263,29,step_262,python_fn,failed,1,2025-09-08 13:40:20+05:30,,"{""param1"": ""range"", ""param2"": 60}",,,1293340000,False,2025-09-08 13:39:44.019416+05:30,S000
264,16,step_263,compensate,running,0,2025-09-14 22:03:47+05:30,2025-09-22 14:16:13+05:30,"{""param1"": ""everyone"", ""param2"": 66}",,,663146000,False,2025-09-14 22:03:30.239134+05:30,S000
265,25,step_264,http_call,failed,0,2025-09-05 07:29:31+05:30,2025-09-20 13:07:03+05:30,"{""param1"": ""product"", ""param2"": 47}","{""result"": ""voice""}","{""error"": ""validation_fail"", ""code"": ""V004""}",1316252000,False,2025-09-05 07:29:01.199952+05:30,V004
266,19,step_265,compensate,succeeded,4,2025-09-21 10:19:55+05:30,2025-09-22 16:27:07+05:30,"{""param1"": ""these"", ""param2"": 39}","{""result"": ""pretty""}","{""error"": ""network_fail"", ""code"": ""N002""}",108432000,True,2025-09-21 10:19:37.063162+05:30,N002
267,11,step_266,model_call,succeeded,0,2025-08-28 19:37:03+05:30,,"{""param1"": ""institution"", ""param2"": 36}","{""result"": ""science""}",,2222337000,False,2025-08-28 19:36:09.019925+05:30,S000
268,29,step_267,model_call,failed,0,2025-09-12 20:00:04+05:30,,"{""param1"": ""idea"", ""param2"": 18}",,"{""error"": ""timeout_error"", ""code"": ""T001""}",924956000,False,2025-09-12 19:59:04.423361+05:30,T001
269,6,step_268,map,succeeded,0,2025-09-18 13:20:50+05:30,2025-09-21 07:05:40+05:30,"{""param1"": ""human"", ""param2"": 59}","{""result"": ""while""}",,236690000,False,2025-09-18 13:20:22.228033+05:30,S000
270,1,step_269,join,succeeded,0,2025-08-29 06:08:23+05:30,,"{""param1"": ""kitchen"", ""param2"": 45}",,,2184457000,False,2025-08-29 06:07:48.809873+05:30,S000
271,2,step_270,join,compensating,0,2025-08-28 18:50:36+05:30,2025-09-22 01:29:16+05:30,"{""param1"": ""young"", ""param2"": 71}",,"{""error"": ""timeout_error"", ""code"": ""T001""}",2097520000,False,2025-08-28 18:50:08.109438+05:30,T001
272,16,step_271,sql_query,failed,0,2025-09-05 12:10:57+05:30,2025-09-15 03:36:10+05:30,"{""param1"": ""experience"", ""param2"": 97}",,,833113000,False,2025-09-05 12:10:18.220329+05:30,S000
273,4,step_272,wait,failed,0,2025-09-17 13:30:25+05:30,2025-09-17 23:05:36+05:30,"{""param1"": ""year"", ""param2"": 93}",,,34511000,False,2025-09-17 13:29:51.413008+05:30,S000
274,16,step_273,compensate,waiting,0,2025-09-10 13:42:06+05:30,2025-09-18 18:10:04+05:30,"{""param1"": ""involve"", ""param2"": 31}",,,707278000,False,2025-09-10 13:41:27.485653+05:30,S000
275,23,step_274,switch,failed,3,2025-09-03 12:33:35+05:30,2025-09-06 19:05:04+05:30,"{""param1"": ""participant"", ""param2"": 31}",,"{""error"": ""api_down"", ""code"": ""N003""}",282689000,False,2025-09-03 12:32:47.886430+05:30,N003
276,16,step_275,fallback,waiting,1,2025-09-19 15:01:06+05:30,,"{""param1"": ""college"", ""param2"": 99}",,,338094000,False,2025-09-19 14:58:40.195187+05:30,S000
277,26,step_276,join,succeeded,0,2025-09-10 09:10:47+05:30,2025-09-15 09:16:38+05:30,"{""param1"": ""already"", ""param2"": 58}","{""result"": ""could""}",,432351000,False,2025-09-10 09:10:08.805354+05:30,S000
278,16,step_277,fallback,succeeded,0,2025-09-03 16:47:47+05:30,,"{""param1"": ""service"", ""param2"": 54}","{""result"": ""eight""}",,1714093000,False,2025-09-03 16:47:02.252344+05:30,S000
279,1,step_278,map,succeeded,1,2025-09-17 19:13:44+05:30,2025-09-18 12:15:25+05:30,"{""param1"": ""admit"", ""param2"": 61}",,,61301000,True,2025-09-17 19:12:54.187820+05:30,S000
280,1,step_279,fallback,succeeded,0,2025-09-17 07:01:35+05:30,,"{""param1"": ""body"", ""param2"": 28}",,,539665000,True,2025-09-17 07:00:54.494604+05:30,S000
281,27,step_280,switch,running,0,2025-08-27 15:06:46+05:30,,"{""param1"": ""whatever"", ""param2"": 16}","{""result"": ""paper""}",,2324954000,False,2025-08-27 15:06:29.340894+05:30,S000
282,21,step_281,python_fn,succeeded,4,2025-09-02 12:43:53+05:30,2025-09-06 06:43:08+05:30,"{""param1"": ""seek"", ""param2"": 69}",,,323955000,False,2025-09-02 12:43:22.045026+05:30,S000
283,22,step_282,switch,succeeded,0,2025-09-09 16:51:37+05:30,2025-09-18 16:47:17+05:30,"{""param1"": ""small"", ""param2"": 30}",,,777340000,False,2025-09-09 16:51:01.314607+05:30,S000
284,4,step_283,fallback,succeeded,1,2025-09-05 03:50:57+05:30,,"{""param1"": ""like"", ""param2"": 57}",,"{""error"": ""timeout_error"", ""code"": ""T001""}",1587903000,True,2025-09-05 03:50:46.676782+05:30,T001
285,0,step_284,switch,succeeded,4,2025-09-15 15:45:17+05:30,2025-09-15 20:59:29+05:30,"{""param1"": ""role"", ""param2"": 42}",,,18852000,False,2025-09-15 15:44:52.718701+05:30,S000
286,0,step_285,http_call,running,0,2025-09-10 00:53:44+05:30,2025-09-14 02:41:55+05:30,"{""param1"": ""modern"", ""param2"": 50}","{""result"": ""produce""}",,352091000,False,2025-09-10 00:53:32.802687+05:30,S000
287,18,step_286,map,succeeded,0,2025-08-26 21:00:04+05:30,2025-08-30 04:34:58+05:30,"{""param1"": ""entire"", ""param2"": 83}",,,286494000,False,2025-08-26 20:59:06.926288+05:30,S000
288,29,step_287,compensate,failed,0,2025-09-06 19:58:41+05:30,,"{""param1"": ""sit"", ""param2"": 30}",,"{""error"": ""validation_fail"", ""code"": ""V004""}",1443439000,False,2025-09-06 19:58:07.417525+05:30,V004
289,1,step_288,python_fn,succeeded,2,2025-09-09 02:20:41+05:30,,"{""param1"": ""sort"", ""param2"": 78}","{""result"": ""ten""}",,1247719000,False,2025-09-09 02:17:10.462023+05:30,S000
290,20,step_289,join,failed,2,2025-08-26 16:29:08+05:30,2025-08-30 22:16:12+05:30,"{""param1"": ""the"", ""param2"": 37}","{""result"": ""increase""}",,366424000,False,2025-08-26 16:28:37.631724+05:30,S000
291,11,step_290,model_call,waiting,1,2025-09-19 02:42:37+05:30,2025-09-20 07:30:08+05:30,"{""param1"": ""trade"", ""param2"": 93}",,"{""error"": ""timeout_error"", ""code"": ""T001""}",103651000,False,2025-09-19 02:41:42.171267+05:30,T001
292,25,step_291,compensate,succeeded,0,2025-09-17 13:51:26+05:30,2025-09-22 02:31:37+05:30,"{""param1"": ""design"", ""param2"": 26}",,,391211000,False,2025-09-17 13:51:14.871774+05:30,S000
293,5,step_292,model_call,running,1,2025-08-28 22:01:44+05:30,2025-09-11 08:47:20+05:30,"{""param1"": ""because"", ""param2"": 41}",,,1161936000,False,2025-08-28 22:01:05.144146+05:30,S000
294,22,step_293,map,succeeded,3,2025-09-10 01:19:22+05:30,,"{""param1"": ""idea"", ""param2"": 89}","{""result"": ""moment""}","{""error"": ""network_fail"", ""code"": ""N002""}",1164998000,True,2025-09-10 01:18:42.152739+05:30,N002
295,3,step_294,python_fn,succeeded,1,2025-08-30 03:47:27+05:30,,"{""param1"": ""make"", ""param2"": 18}",,,2106513000,False,2025-08-30 03:46:55.516332+05:30,S000
296,22,step_295,sql_query,compensating,3,2025-09-02 14:32:00+05:30,2025-09-13 21:58:11+05:30,"{""param1"": ""dark"", ""param2"": 91}",,,977171000,False,2025-09-02 14:31:04.347927+05:30,S000
297,10,step_296,join,succeeded,2,2025-09-16 14:06:06+05:30,2025-09-22 22:28:27+05:30,"{""param1"": ""tough"", ""param2"": 69}",,,548541000,False,2025-09-16 14:05:46.960742+05:30,S000
298,23,step_297,http_call,succeeded,1,2025-09-09 01:58:59+05:30,2025-09-18 07:01:12+05:30,"{""param1"": ""daughter"", ""param2"": 59}","{""result"": ""film""}",,795733000,False,2025-09-09 01:58:39.067771+05:30,S000
299,26,step_298,sql_query,running,0,2025-09-07 21:28:15+05:30,,"{""param1"": ""true"", ""param2"": 85}",,,1351665000,False,2025-09-07 21:27:49.679228+05:30,S000
300,16,step_299,map,succeeded,0,2025-09-02 21:09:51+05:30,2025-09-19 18:10:49+05:30,"{""param1"": ""represent"", ""param2"": 48}",,,1458058000,False,2025-09-02 21:09:11.600419+05:30,S000
301,5,step_300,compensate,waiting,0,2025-09-08 16:08:54+05:30,2025-09-14 20:03:34+05:30,"{""param1"": ""tax"", ""param2"": 23}","{""result"": ""surface""}",,532480000,False,2025-09-08 16:08:13.228961+05:30,S000
302,23,step_301,http_call,succeeded,1,2025-09-21 13:38:03+05:30,2025-09-22 04:05:47+05:30,"{""param1"": ""always"", ""param2"": 52}","{""result"": ""field""}",,52064000,False,2025-09-21 13:36:41.018611+05:30,S000
303,4,step_302,switch,compensating,0,2025-09-16 06:32:06+05:30,2025-09-21 21:42:22+05:30,"{""param1"": ""again"", ""param2"": 91}",,,486616000,False,2025-09-16 06:31:30.096125+05:30,S000
304,19,step_303,fallback,running,2,2025-09-02 08:01:03+05:30,2025-09-05 02:36:50+05:30,"{""param1"": ""population"", ""param2"": 73}","{""result"": ""pattern""}",,239747000,False,2025-09-02 08:00:38.835780+05:30,S000
305,1,step_304,http_call,failed,5,2025-09-18 11:49:24+05:30,,"{""param1"": ""per"", ""param2"": 46}","{""result"": ""star""}","{""error"": ""validation_fail"", ""code"": ""V004""}",435996000,False,2025-09-18 11:48:33.406694+05:30,V004
306,5,step_305,map,compensating,1,2025-09-02 11:21:24+05:30,,"{""param1"": ""event"", ""param2"": 79}","{""result"": ""ball""}",,1820076000,False,2025-09-02 11:17:47.798462+05:30,S000
307,21,step_306,wait,succeeded,0,2025-09-12 13:51:55+05:30,,"{""param1"": ""college"", ""param2"": 48}",,"{""error"": ""api_down"", ""code"": ""N003""}",947045000,True,2025-09-12 13:51:05.067211+05:30,N003
308,10,step_307,fallback,compensating,0,2025-08-27 00:46:14+05:30,,"{""param1"": ""quality"", ""param2"": 53}",,,2376586000,False,2025-08-27 00:46:02.993108+05:30,S000
309,15,step_308,model_call,succeeded,0,2025-09-21 06:05:21+05:30,2025-09-22 21:53:23+05:30,"{""param1"": ""the"", ""param2"": 56}",,,143282000,False,2025-09-21 06:04:26.691435+05:30,S000
310,15,step_309,join,succeeded,1,2025-09-16 03:35:06+05:30,2025-09-19 09:22:25+05:30,"{""param1"": ""out"", ""param2"": 78}","{""result"": ""majority""}",,280039000,False,2025-09-16 03:34:27.770468+05:30,S000
311,0,step_310,model_call,succeeded,1,2025-09-17 11:36:23+05:30,,"{""param1"": ""each"", ""param2"": 97}",,,523177000,False,2025-09-17 11:35:39.046670+05:30,S000
312,8,step_311,http_call,failed,3,2025-09-18 15:19:24+05:30,2025-09-22 06:57:27+05:30,"{""param1"": ""cover"", ""param2"": 16}",,,315483000,False,2025-09-18 15:18:24.152529+05:30,S000
313,27,step_312,model_call,succeeded,0,2025-08-27 15:49:51+05:30,,"{""param1"": ""smile"", ""param2"": 34}",,"{""error"": ""timeout_error"", ""code"": ""T001""}",2322369000,True,2025-08-27 15:49:26.638940+05:30,T001
314,26,step_313,map,waiting,3,2025-09-02 15:26:42+05:30,,"{""param1"": ""poor"", ""param2"": 99}",,,1805358000,False,2025-09-02 15:26:29.538954+05:30,S000
315,5,step_314,switch,waiting,2,2025-09-08 17:20:59+05:30,2025-09-17 08:15:11+05:30,"{""param1"": ""trip"", ""param2"": 26}",,,744852000,False,2025-09-08 17:20:04.130714+05:30,S000
316,15,step_315,compensate,compensating,0,2025-09-15 11:25:44+05:30,,"{""param1"": ""I"", ""param2"": 16}",,"{""error"": ""network_fail"", ""code"": ""N002""}",696616000,False,2025-09-15 11:25:22.967447+05:30,N002
317,28,step_316,join,succeeded,2,2025-09-05 13:22:17+05:30,2025-09-19 11:58:39+05:30,"{""param1"": ""identify"", ""param2"": 95}","{""result"": ""class""}","{""error"": ""validation_fail"", ""code"": ""V004""}",1204582000,True,2025-09-05 13:21:24.044412+05:30,V004
318,2,step_317,model_call,failed,0,2025-09-05 01:47:20+05:30,2025-09-07 09:16:27+05:30,"{""param1"": ""federal"", ""param2"": 99}",,,199747000,False,2025-09-05 01:46:36.255340+05:30,S000
319,19,step_318,model_call,succeeded,0,2025-09-20 07:53:18+05:30,2025-09-20 12:21:30+05:30,"{""param1"": ""see"", ""param2"": 85}",,,16092000,False,2025-09-20 07:52:30.097979+05:30,S000
320,27,step_319,http_call,succeeded,1,2025-09-18 19:40:26+05:30,2025-09-20 02:38:06+05:30,"{""param1"": ""any"", ""param2"": 45}",,"{""error"": ""network_fail"", ""code"": ""N002""}",111460000,True,2025-09-18 19:40:00.370099+05:30,N002
321,26,step_320,compensate,succeeded,0,2025-09-10 16:13:26+05:30,2025-09-16 18:01:20+05:30,"{""param1"": ""what"", ""param2"": 74}",,,524874000,False,2025-09-10 16:13:05.515486+05:30,S000
322,3,step_321,sql_query,succeeded,1,2025-09-23 02:26:47+05:30,,"{""param1"": ""involve"", ""param2"": 56}",,,37753000,False,2025-09-23 02:26:04.719871+05:30,S000
323,18,step_322,model_call,running,1,2025-09-01 03:37:55+05:30,,"{""param1"": ""not"", ""param2"": 20}",,,1934285000,False,2025-09-01 03:37:29.830723+05:30,S000
324,25,step_323,map,failed,0,2025-08-28 13:27:00+05:30,2025-09-16 13:09:53+05:30,"{""param1"": ""leg"", ""param2"": 41}",,,1640573000,True,2025-08-28 13:26:11.707068+05:30,S000
325,2,step_324,wait,succeeded,0,2025-09-15 10:45:55+05:30,2025-09-23 12:18:54+05:30,"{""param1"": ""animal"", ""param2"": 99}",,"{""error"": ""network_fail"", ""code"": ""N002""}",696779000,True,2025-09-15 10:44:56.718051+05:30,N002
326,18,step_325,join,succeeded,0,2025-08-31 20:01:32+05:30,,"{""param1"": ""hospital"", ""param2"": 37}","{""result"": ""brother""}",,1961668000,False,2025-08-31 20:01:15.464134+05:30,S000
327,19,step_326,model_call,succeeded,0,2025-08-28 00:37:13+05:30,2025-09-15 20:34:55+05:30,"{""param1"": ""their"", ""param2"": 47}",,,1627062000,False,2025-08-28 00:36:26.534510+05:30,S000
328,6,step_327,map,succeeded,0,2025-09-06 07:09:52+05:30,,"{""param1"": ""evening"", ""param2"": 28}",,,1489568000,False,2025-09-06 07:09:31.659105+05:30,S000
329,19,step_328,map,compensating,0,2025-09-15 22:04:10+05:30,2025-09-21 17:25:45+05:30,"{""param1"": ""cover"", ""param2"": 34}",,,501695000,False,2025-09-15 22:03:44.390513+05:30,S000
330,8,step_329,join,succeeded,0,2025-08-29 17:11:52+05:30,,"{""param1"": ""road"", ""param2"": 51}",,,2144648000,False,2025-08-29 17:11:09.739071+05:30,S000
331,0,step_330,sql_query,succeeded,0,2025-09-03 16:58:14+05:30,2025-09-12 19:20:58+05:30,"{""param1"": ""police"", ""param2"": 36}",,,786164000,False,2025-09-03 16:57:52.388765+05:30,S000
332,7,step_331,map,succeeded,0,2025-09-17 09:12:17+05:30,2025-09-20 07:07:38+05:30,"{""param1"": ""garden"", ""param2"": 19}","{""result"": ""night""}",,251721000,False,2025-09-17 09:11:53.541921+05:30,S000
333,6,step_332,wait,waiting,1,2025-09-13 22:30:24+05:30,,"{""param1"": ""room"", ""param2"": 88}",,,829536000,False,2025-09-13 22:29:34.830639+05:30,S000
334,17,step_333,map,compensating,1,2025-09-16 03:22:43+05:30,,"{""param1"": ""rock"", ""param2"": 34}",,,639197000,True,2025-09-16 03:22:14.488391+05:30,S000
335,7,step_334,map,running,0,2025-09-13 04:23:00+05:30,2025-09-13 21:00:43+05:30,"{""param1"": ""buy"", ""param2"": 41}","{""result"": ""night""}",,59863000,False,2025-09-13 04:22:05.150236+05:30,S000
336,0,step_335,map,failed,0,2025-09-06 23:07:11+05:30,2025-09-15 02:10:19+05:30,"{""param1"": ""central"", ""param2"": 53}",,,702188000,False,2025-09-06 23:06:51.859331+05:30,S000
337,10,step_336,switch,failed,4,2025-09-01 14:54:17+05:30,,"{""param1"": ""school"", ""param2"": 14}",,,1893703000,True,2025-09-01 14:53:48.166178+05:30,S000
338,27,step_337,switch,succeeded,2,2025-09-19 07:17:15+05:30,,"{""param1"": ""unit"", ""param2"": 78}",,,365925000,False,2025-09-19 07:17:01.878434+05:30,S000
339,24,step_338,sql_query,compensating,3,2025-09-04 17:38:50+05:30,,"{""param1"": ""standard"", ""param2"": 33}",,,1624630000,False,2025-09-04 17:38:34.549319+05:30,S000
340,24,step_339,model_call,running,2,2025-08-31 00:37:24+05:30,,"{""param1"": ""range"", ""param2"": 95}",,,2031516000,False,2025-08-31 00:36:58.152869+05:30,S000
341,17,step_340,map,failed,0,2025-08-28 05:11:37+05:30,2025-09-12 18:00:49+05:30,"{""param1"": ""commercial"", ""param2"": 68}","{""result"": ""situation""}",,1342152000,False,2025-08-28 05:10:43.225567+05:30,S000
342,22,step_341,compensate,running,0,2025-09-22 23:42:29+05:30,,"{""param1"": ""attorney"", ""param2"": 28}",,"{""error"": ""timeout_error"", ""code"": ""T001""}",47611000,False,2025-09-22 23:41:36.065094+05:30,T001
343,29,step_342,model_call,running,0,2025-09-08 13:39:27+05:30,2025-09-16 11:59:06+05:30,"{""param1"": ""look"", ""param2"": 74}",,,685179000,False,2025-09-08 13:38:38.767452+05:30,S000
344,9,step_343,sql_query,failed,0,2025-09-22 02:51:24+05:30,,"{""param1"": ""begin"", ""param2"": 90}",,,122676000,False,2025-09-22 02:50:39.483858+05:30,S000
345,2,step_344,python_fn,compensating,0,2025-09-09 09:11:05+05:30,2025-09-11 10:29:37+05:30,"{""param1"": ""case"", ""param2"": 73}",,,177512000,False,2025-09-09 09:10:20.872976+05:30,S000
346,6,step_345,model_call,compensating,0,2025-08-28 20:44:19+05:30,2025-09-07 02:09:07+05:30,"{""param1"": ""report"", ""param2"": 18}",,"{""error"": ""timeout_error"", ""code"": ""T001""}",797088000,False,2025-08-28 20:43:43.971034+05:30,T001
347,27,step_346,model_call,failed,0,2025-09-20 07:28:35+05:30,,"{""param1"": ""more"", ""param2"": 38}",,"{""error"": ""network_fail"", ""code"": ""N002""}",278845000,False,2025-09-20 07:27:59.471480+05:30,N002
348,15,step_347,fallback,failed,1,2025-09-21 09:16:25+05:30,,"{""param1"": ""professor"", ""param2"": 36}","{""result"": ""who""}","{""error"": ""validation_fail"", ""code"": ""V004""}",185975000,False,2025-09-21 09:15:59.396798+05:30,V004
349,25,step_348,http_call,succeeded,1,2025-09-19 04:52:10+05:30,2025-09-19 16:31:08+05:30,"{""param1"": ""ok"", ""param2"": 67}","{""result"": ""upon""}",,41938000,False,2025-09-19 04:51:16.929098+05:30,S000
350,15,step_349,fallback,failed,0,2025-09-08 00:38:32+05:30,,"{""param1"": ""past"", ""param2"": 58}",,"{""error"": ""timeout_error"", ""code"": ""T001""}",1340248000,False,2025-09-08 00:37:34.380662+05:30,T001
351,24,step_350,wait,succeeded,2,2025-08-30 02:03:12+05:30,2025-09-19 18:17:03+05:30,"{""param1"": ""investment"", ""param2"": 93}",,,1786431000,True,2025-08-30 02:02:28.884313+05:30,S000
352,19,step_351,switch,failed,0,2025-09-15 11:53:37+05:30,2025-09-15 18:19:49+05:30,"{""param1"": ""despite"", ""param2"": 79}",,"{""error"": ""network_fail"", ""code"": ""N002""}",23172000,True,2025-09-15 11:52:46.402688+05:30,N002
353,27,step_352,switch,compensating,2,2025-08-29 06:19:58+05:30,2025-09-05 13:23:01+05:30,"{""param1"": ""former"", ""param2"": 28}","{""result"": ""development""}",,630183000,False,2025-08-29 06:19:32.354023+05:30,S000
354,16,step_353,http_call,failed,0,2025-09-12 11:28:12+05:30,,"{""param1"": ""business"", ""param2"": 36}",,"{""error"": ""timeout_error"", ""code"": ""T001""}",955668000,False,2025-09-12 11:27:55.415655+05:30,T001
355,1,step_354,join,succeeded,4,2025-09-03 08:16:55+05:30,2025-09-08 17:38:36+05:30,"{""param1"": ""kitchen"", ""param2"": 90}",,,465701000,False,2025-09-03 08:16:07.901114+05:30,S000
356,0,step_355,join,succeeded,1,2025-08-27 14:20:19+05:30,,"{""param1"": ""trial"", ""param2"": 25}","{""result"": ""high""}","{""error"": ""network_fail"", ""code"": ""N002""}",2327741000,True,2025-08-27 14:19:56.384263+05:30,N002
357,15,step_356,sql_query,succeeded,0,2025-09-10 11:54:05+05:30,,"{""param1"": ""region"", ""param2"": 88}",,,1126915000,False,2025-09-10 11:53:46.557077+05:30,S000
358,29,step_357,http_call,running,0,2025-09-04 04:41:58+05:30,,"{""param1"": ""group"", ""param2"": 98}",,"{""error"": ""api_down"", ""code"": ""N003""}",1671242000,False,2025-09-04 04:38:05.525867+05:30,N003
359,11,step_358,model_call,succeeded,0,2025-08-28 16:00:18+05:30,,"{""param1"": ""save"", ""param2"": 85}",,,2235342000,False,2025-08-28 15:59:25.545099+05:30,S000
360,4,step_359,join,succeeded,0,2025-08-28 17:59:45+05:30,2025-09-06 02:30:22+05:30,"{""param1"": ""under"", ""param2"": 52}",,,721837000,False,2025-08-28 17:59:26.586071+05:30,S000
361,4,step_360,map,succeeded,0,2025-09-23 05:13:50+05:30,,"{""param1"": ""step"", ""param2"": 58}",,,27730000,False,2025-09-23 05:13:12.554518+05:30,S000
362,26,step_361,compensate,running,1,2025-09-21 08:19:10+05:30,2025-09-21 17:04:18+05:30,"{""param1"": ""executive"", ""param2"": 100}",,,31508000,False,2025-09-21 08:18:23.980800+05:30,S000
363,22,step_362,model_call,running,0,2025-09-19 14:12:55+05:30,2025-09-21 08:14:04+05:30,"{""param1"": ""voice"", ""param2"": 77}",,,151269000,False,2025-09-19 14:12:14.784351+05:30,S000
364,8,step_363,wait,succeeded,1,2025-09-09 08:42:14+05:30,2025-09-21 07:15:19+05:30,"{""param1"": ""seat"", ""param2"": 34}",,"{""error"": ""timeout_error"", ""code"": ""T001""}",1031585000,True,2025-09-09 08:41:22.564551+05:30,T001
365,8,step_364,map,succeeded,3,2025-09-02 18:15:21+05:30,,"{""param1"": ""force"", ""param2"": 32}","{""result"": ""reason""}",,1795239000,False,2025-09-02 18:14:35.530559+05:30,S000
366,2,step_365,map,failed,0,2025-09-11 03:09:10+05:30,,"{""param1"": ""court"", ""param2"": 96}","{""result"": ""contain""}","{""error"": ""validation_fail"", ""code"": ""V004""}",1072010000,False,2025-09-11 03:08:18.057307+05:30,V004
367,18,step_366,http_call,failed,0,2025-08-30 07:44:32+05:30,,"{""param1"": ""find"", ""param2"": 28}",,,2092288000,False,2025-08-30 07:43:47.148792+05:30,S000
368,15,step_367,sql_query,failed,0,2025-09-18 20:24:48+05:30,,"{""param1"": ""college"", ""param2"": 38}",,"{""error"": ""api_down"", ""code"": ""N003""}",405072000,False,2025-09-18 20:23:54.036022+05:30,N003
369,15,step_368,wait,succeeded,1,2025-09-02 06:15:46+05:30,,"{""param1"": ""commercial"", ""param2"": 88}",,,1838414000,False,2025-09-02 06:15:30.370477+05:30,S000
370,2,step_369,join,failed,0,2025-09-10 22:26:18+05:30,2025-09-16 19:16:17+05:30,"{""param1"": ""control"", ""param2"": 19}",,"{""error"": ""api_down"", ""code"": ""N003""}",506999000,True,2025-09-10 22:25:23.680982+05:30,N003
371,19,step_370,http_call,succeeded,4,2025-09-19 22:25:41+05:30,2025-09-20 16:24:10+05:30,"{""param1"": ""voice"", ""param2"": 90}",,,64709000,False,2025-09-19 22:20:50.221428+05:30,S000
372,23,step_371,join,waiting,2,2025-09-09 03:25:56+05:30,2025-09-15 10:03:42+05:30,"{""param1"": ""call"", ""param2"": 41}",,,542266000,False,2025-09-09 03:25:14.431201+05:30,S000
373,21,step_372,http_call,failed,0,2025-09-10 06:45:22+05:30,2025-09-15 22:41:00+05:30,"{""param1"": ""interesting"", ""param2"": 75}",,"{""error"": ""api_down"", ""code"": ""N003""}",489338000,False,2025-09-10 06:44:59.560411+05:30,N003
374,23,step_373,http_call,succeeded,0,2025-09-07 03:45:14+05:30,,"{""param1"": ""total"", ""param2"": 41}",,"{""error"": ""validation_fail"", ""code"": ""V004""}",1415446000,True,2025-09-07 03:44:49.086377+05:30,V004
375,0,step_374,http_call,succeeded,2,2025-09-11 01:48:06+05:30,2025-09-14 03:39:37+05:30,"{""param1"": ""star"", ""param2"": 25}",,,265891000,False,2025-09-11 01:47:36.343910+05:30,S000
376,23,step_375,sql_query,failed,1,2025-09-23 07:04:56+05:30,2025-09-23 13:03:56+05:30,"{""param1"": ""look"", ""param2"": 80}","{""result"": ""wish""}",,21540000,False,2025-09-23 07:04:45.464235+05:30,S000
377,19,step_376,http_call,waiting,0,2025-09-17 18:13:22+05:30,2025-09-22 06:02:38+05:30,"{""param1"": ""value"", ""param2"": 58}","{""result"": ""ask""}",,388156000,False,2025-09-17 18:12:23.211059+05:30,S000
378,10,step_377,python_fn,failed,0,2025-09-02 08:14:32+05:30,,"{""param1"": ""director"", ""param2"": 81}",,,1831288000,False,2025-09-02 08:14:04.140383+05:30,S000
379,16,step_378,compensate,failed,1,2025-09-03 08:22:36+05:30,2025-09-22 11:21:41+05:30,"{""param1"": ""interesting"", ""param2"": 25}",,,1652345000,False,2025-09-03 08:21:59.972808+05:30,S000
380,7,step_379,join,running,0,2025-08-27 17:17:12+05:30,,"{""param1"": ""manager"", ""param2"": 11}",,,2317128000,False,2025-08-27 17:16:18.004269+05:30,S000
381,3,step_380,model_call,failed,3,2025-09-13 02:19:10+05:30,2025-09-16 20:44:54+05:30,"{""param1"": ""even"", ""param2"": 98}","{""result"": ""security""}",,325544000,False,2025-09-13 02:18:34.612108+05:30,S000
382,5,step_381,fallback,succeeded,0,2025-09-15 22:16:31+05:30,2025-09-17 08:29:16+05:30,"{""param1"": ""usually"", ""param2"": 82}",,"{""error"": ""api_down"", ""code"": ""N003""}",123165000,True,2025-09-15 22:15:31.863023+05:30,N003
383,7,step_382,wait,waiting,0,2025-09-11 06:16:45+05:30,2025-09-22 14:10:33+05:30,"{""param1"": ""upon"", ""param2"": 95}",,,978828000,False,2025-09-11 06:16:31.331797+05:30,S000
384,19,step_383,switch,succeeded,2,2025-09-16 15:25:25+05:30,,"{""param1"": ""tend"", ""param2"": 74}",,,595835000,False,2025-09-16 15:24:45.231681+05:30,S000
385,29,step_384,sql_query,succeeded,0,2025-09-21 06:34:56+05:30,2025-09-22 14:46:56+05:30,"{""param1"": ""low"", ""param2"": 30}",,"{""error"": ""timeout_error"", ""code"": ""T001""}",115920000,True,2025-09-21 06:34:24.890388+05:30,T001
386,2,step_385,model_call,compensating,0,2025-09-18 20:03:42+05:30,,"{""param1"": ""team"", ""param2"": 66}","{""result"": ""prove""}",,406338000,False,2025-09-18 20:03:22.214368+05:30,S000
387,15,step_386,map,succeeded,0,2025-09-05 14:34:50+05:30,2025-09-09 08:20:39+05:30,"{""param1"": ""once"", ""param2"": 57}","{""result"": ""hand""}","{""error"": ""network_fail"", ""code"": ""N002""}",323149000,True,2025-09-05 14:34:07.562644+05:30,N002
388,29,step_387,python_fn,succeeded,0,2025-09-06 03:22:24+05:30,,"{""param1"": ""several"", ""param2"": 27}","{""result"": ""peace""}","{""error"": ""network_fail"", ""code"": ""N002""}",1503216000,True,2025-09-06 03:21:51.098569+05:30,N002
389,24,step_388,switch,succeeded,1,2025-09-18 07:52:02+05:30,2025-09-21 02:26:17+05:30,"{""param1"": ""carry"", ""param2"": 12}",,,239655000,False,2025-09-18 07:51:14.394283+05:30,S000
390,2,step_389,fallback,compensating,0,2025-09-02 15:49:55+05:30,,"{""param1"": ""his"", ""param2"": 80}",,"{""error"": ""network_fail"", ""code"": ""N002""}",1803965000,False,2025-09-02 15:49:28.957273+05:30,N002
391,24,step_390,model_call,succeeded,0,2025-09-06 08:27:09+05:30,2025-09-14 08:06:31+05:30,"{""param1"": ""culture"", ""param2"": 82}",,,689962000,True,2025-09-06 08:26:09.213277+05:30,S000
392,28,step_391,switch,succeeded,1,2025-09-12 21:21:51+05:30,,"{""param1"": ""catch"", ""param2"": 15}",,,920049000,False,2025-09-12 21:20:54.965430+05:30,S000
393,17,step_392,model_call,succeeded,1,2025-08-31 19:57:14+05:30,2025-09-09 09:17:13+05:30,"{""param1"": ""consumer"", ""param2"": 17}",,,739199000,False,2025-08-31 19:57:01.263365+05:30,S000
394,13,step_393,python_fn,succeeded,0,2025-09-06 08:16:15+05:30,2025-09-09 21:53:09+05:30,"{""param1"": ""organization"", ""param2"": 61}",,,308214000,False,2025-09-06 08:15:44.065243+05:30,S000
395,17,step_394,fallback,succeeded,0,2025-09-10 11:11:07+05:30,2025-09-17 10:01:57+05:30,"{""param1"": ""matter"", ""param2"": 64}",,"{""error"": ""timeout_error"", ""code"": ""T001""}",600650000,True,2025-09-10 11:10:56.988648+05:30,T001
396,1,step_395,map,succeeded,3,2025-09-04 14:18:37+05:30,,"{""param1"": ""provide"", ""param2"": 98}","{""result"": ""purpose""}",,1636643000,False,2025-09-04 14:17:44.806029+05:30,S000
397,21,step_396,http_call,failed,1,2025-09-03 02:10:38+05:30,2025-09-04 19:14:08+05:30,"{""param1"": ""within"", ""param2"": 32}",,"{""error"": ""network_fail"", ""code"": ""N002""}",147810000,False,2025-09-03 02:10:19.609270+05:30,N002
398,2,step_397,join,succeeded,0,2025-08-28 11:15:28+05:30,2025-09-01 15:22:15+05:30,"{""param1"": ""cell"", ""param2"": 44}",,,360407000,False,2025-08-28 11:15:14.619763+05:30,S000
399,15,step_398,map,succeeded,0,2025-08-27 16:10:44+05:30,2025-09-17 03:23:01+05:30,"{""param1"": ""race"", ""param2"": 20}",,"{""error"": ""timeout_error"", ""code"": ""T001""}",1768337000,True,2025-08-27 16:09:47.559602+05:30,T001
400,28,step_399,http_call,succeeded,0,2025-09-20 13:38:27+05:30,2025-09-21 13:27:45+05:30,"{""param1"": ""decade"", ""param2"": 28}",,,85758000,False,2025-09-20 13:38:11.042966+05:30,S000
401,8,step_400,sql_query,succeeded,1,2025-08-29 02:52:05+05:30,,"{""param1"": ""support"", ""param2"": 31}",,"{""error"": ""network_fail"", ""code"": ""N002""}",2196235000,True,2025-08-29 02:51:37.558405+05:30,N002
402,3,step_401,compensate,failed,2,2025-08-26 20:47:18+05:30,2025-09-12 05:34:11+05:30,"{""param1"": ""early"", ""param2"": 24}",,"{""error"": ""validation_fail"", ""code"": ""V004""}",1414013000,True,2025-08-26 20:46:36.933469+05:30,V004
403,0,step_402,wait,running,1,2025-09-06 11:24:26+05:30,,"{""param1"": ""music"", ""param2"": 34}",,,1474294000,False,2025-09-06 11:24:10.469820+05:30,S000
404,3,step_403,wait,succeeded,2,2025-08-30 00:27:08+05:30,2025-09-11 17:28:17+05:30,"{""param1"": ""not"", ""param2"": 59}",,"{""error"": ""timeout_error"", ""code"": ""T001""}",1098069000,True,2025-08-30 00:22:09.355058+05:30,T001
405,0,step_404,join,succeeded,1,2025-09-18 14:36:04+05:30,,"{""param1"": ""country"", ""param2"": 26}",,"{""error"": ""api_down"", ""code"": ""N003""}",425996000,True,2025-09-18 14:35:51.308474+05:30,N003
406,13,step_405,fallback,succeeded,0,2025-09-15 23:44:56+05:30,2025-09-17 06:53:02+05:30,"{""param1"": ""nearly"", ""param2"": 44}","{""result"": ""measure""}",,112086000,False,2025-09-15 23:44:44.052108+05:30,S000
407,20,step_406,python_fn,waiting,0,2025-09-02 03:49:36+05:30,2025-09-10 18:36:22+05:30,"{""param1"": ""write"", ""param2"": 30}",,,744406000,False,2025-09-02 03:48:45.879911+05:30,S000
408,15,step_407,fallback,running,0,2025-09-02 15:08:26+05:30,,"{""param1"": ""low"", ""param2"": 78}",,,1806454000,False,2025-09-02 15:07:53.790830+05:30,S000
409,19,step_408,python_fn,failed,0,2025-09-11 17:36:25+05:30,2025-09-15 17:11:50+05:30,"{""param1"": ""month"", ""param2"": 36}",,,344125000,False,2025-09-11 17:35:49.555296+05:30,S000
410,23,step_409,fallback,succeeded,2,2025-08-28 23:53:27+05:30,,"{""param1"": ""story"", ""param2"": 78}","{""result"": ""single""}",,2206953000,True,2025-08-28 23:52:33.698216+05:30,S000
411,7,step_410,compensate,compensating,0,2025-09-13 09:22:18+05:30,,"{""param1"": ""similar"", ""param2"": 39}",,,876822000,False,2025-09-13 09:18:11.046933+05:30,S000
412,6,step_411,sql_query,succeeded,0,2025-09-22 17:10:23+05:30,,"{""param1"": ""phone"", ""param2"": 35}",,,71137000,False,2025-09-22 17:09:23.557973+05:30,S000
413,2,step_412,sql_query,succeeded,0,2025-09-12 08:42:05+05:30,2025-09-20 17:34:43+05:30,"{""param1"": ""always"", ""param2"": 36}","{""result"": ""especially""}",,723158000,False,2025-09-12 08:41:05.655203+05:30,S000
414,16,step_413,http_call,succeeded,0,2025-09-17 02:42:38+05:30,,"{""param1"": ""chair"", ""param2"": 74}",,,555202000,False,2025-09-17 02:42:15.569756+05:30,S000
415,0,step_414,switch,succeeded,0,2025-09-07 05:54:12+05:30,2025-09-14 17:01:56+05:30,"{""param1"": ""beyond"", ""param2"": 52}",,,644864000,False,2025-09-07 05:53:12.393218+05:30,S000
416,15,step_415,sql_query,compensating,0,2025-09-18 12:24:49+05:30,,"{""param1"": ""whom"", ""param2"": 99}",,,433871000,False,2025-09-18 12:24:34.131655+05:30,S000
417,11,step_416,sql_query,running,1,2025-09-01 20:12:03+05:30,2025-09-21 18:15:55+05:30,"{""param1"": ""section"", ""param2"": 93}",,"{""error"": ""validation_fail"", ""code"": ""V004""}",1721032000,False,2025-09-01 20:11:35.721021+05:30,V004
418,26,step_417,map,succeeded,0,2025-08-28 09:42:32+05:30,,"{""param1"": ""past"", ""param2"": 58}",,,2258008000,False,2025-08-28 09:39:54.568048+05:30,S000
419,18,step_418,map,failed,1,2025-08-31 02:10:41+05:30,2025-09-14 12:58:15+05:30,"{""param1"": ""listen"", ""param2"": 47}","{""result"": ""second""}",,1248454000,False,2025-08-31 02:09:50.056536+05:30,S000
420,21,step_419,http_call,compensating,0,2025-09-02 04:08:45+05:30,,"{""param1"": ""anyone"", ""param2"": 61}","{""result"": ""identify""}",,1846035000,False,2025-09-02 04:07:53.623815+05:30,S000
421,22,step_420,switch,waiting,0,2025-09-23 10:06:02+05:30,,"{""param1"": ""professor"", ""param2"": 49}",,,10198000,False,2025-09-23 10:03:47.431223+05:30,S000
422,21,step_421,join,failed,0,2025-09-23 12:02:59+05:30,,"{""param1"": ""any"", ""param2"": 75}",,,3181000,False,2025-09-23 12:02:37.321632+05:30,S000
423,13,step_422,map,compensating,0,2025-09-17 10:23:48+05:30,2025-09-21 08:17:28+05:30,"{""param1"": ""raise"", ""param2"": 94}",,,338020000,False,2025-09-17 10:22:02.277299+05:30,S000
424,29,step_423,join,compensating,1,2025-08-30 08:33:39+05:30,2025-08-30 15:05:11+05:30,"{""param1"": ""heart"", ""param2"": 84}",,,23492000,True,2025-08-30 08:33:14.431946+05:30,S000
425,5,step_424,model_call,running,0,2025-09-16 22:43:25+05:30,2025-09-18 03:50:34+05:30,"{""param1"": ""industry"", ""param2"": 49}",,,104829000,False,2025-09-16 22:42:56.156656+05:30,S000
426,5,step_425,map,succeeded,0,2025-09-20 03:39:56+05:30,2025-09-21 10:31:31+05:30,"{""param1"": ""wonder"", ""param2"": 14}",,"{""error"": ""api_down"", ""code"": ""N003""}",111095000,True,2025-09-20 03:39:00.735050+05:30,N003
427,12,step_426,compensate,succeeded,1,2025-09-07 17:36:35+05:30,,"{""param1"": ""art"", ""param2"": 85}",,,1365565000,False,2025-09-07 17:36:08.492202+05:30,S000
428,18,step_427,switch,waiting,0,2025-08-27 19:15:42+05:30,2025-09-10 07:31:17+05:30,"{""param1"": ""life"", ""param2"": 70}",,,1167335000,False,2025-08-27 19:14:44.329856+05:30,S000
429,21,step_428,http_call,succeeded,0,2025-08-28 15:52:15+05:30,2025-08-30 02:48:30+05:30,"{""param1"": ""sport"", ""param2"": 81}",,,125775000,False,2025-08-28 15:50:02.861584+05:30,S000
430,7,step_429,model_call,waiting,2,2025-09-08 06:02:08+05:30,,"{""param1"": ""record"", ""param2"": 76}",,,1320832000,True,2025-09-08 06:01:41.979936+05:30,S000
431,26,step_430,switch,succeeded,1,2025-08-29 16:36:19+05:30,,"{""param1"": ""law"", ""param2"": 37}",,,2146781000,False,2025-08-29 16:35:29.841928+05:30,S000
432,26,step_431,compensate,succeeded,0,2025-09-08 16:44:14+05:30,,"{""param1"": ""now"", ""param2"": 28}","{""result"": ""about""}","{""error"": ""timeout_error"", ""code"": ""T001""}",1282306000,True,2025-09-08 16:43:32.254667+05:30,T001
433,1,step_432,switch,succeeded,3,2025-09-08 06:54:52+05:30,2025-09-21 08:28:54+05:30,"{""param1"": ""meeting"", ""param2"": 16}","{""result"": ""have""}","{""error"": ""network_fail"", ""code"": ""N002""}",1128842000,True,2025-09-08 06:54:38.473218+05:30,N002
434,20,step_433,compensate,succeeded,1,2025-09-07 06:15:47+05:30,2025-09-22 02:38:43+05:30,"{""param1"": ""dark"", ""param2"": 92}",,"{""error"": ""validation_fail"", ""code"": ""V004""}",1282976000,True,2025-09-07 06:15:27.493562+05:30,V004
435,29,step_434,compensate,compensating,0,2025-09-18 01:03:28+05:30,,"{""param1"": ""call"", ""param2"": 12}",,"{""error"": ""validation_fail"", ""code"": ""V004""}",474752000,False,2025-09-18 01:02:50.768456+05:30,V004
436,0,step_435,join,waiting,1,2025-08-31 03:19:51+05:30,2025-09-15 20:37:05+05:30,"{""param1"": ""society"", ""param2"": 97}",,,1358234000,False,2025-08-31 03:15:01.647882+05:30,S000
437,27,step_436,fallback,waiting,0,2025-09-04 04:15:15+05:30,2025-09-19 12:33:47+05:30,"{""param1"": ""dark"", ""param2"": 77}",,,1325912000,False,2025-09-04 04:14:22.017733+05:30,S000
438,14,step_437,model_call,failed,0,2025-09-06 19:22:51+05:30,,"{""param1"": ""foreign"", ""param2"": 56}","{""result"": ""character""}",,1445589000,False,2025-09-06 19:21:58.302856+05:30,S000
439,0,step_438,switch,succeeded,0,2025-09-18 19:27:16+05:30,2025-09-23 03:38:49+05:30,"{""param1"": ""public"", ""param2"": 49}",,,375093000,False,2025-09-18 19:24:12.684471+05:30,S000
440,4,step_439,python_fn,failed,0,2025-08-28 09:15:41+05:30,2025-09-05 03:49:38+05:30,"{""param1"": ""serious"", ""param2"": 23}","{""result"": ""data""}",,671637000,False,2025-08-28 09:14:44.260224+05:30,S000
441,27,step_440,model_call,failed,1,2025-09-10 20:06:32+05:30,,"{""param1"": ""score"", ""param2"": 53}",,,1097368000,False,2025-09-10 20:05:41.018757+05:30,S000
442,28,step_441,fallback,failed,0,2025-09-17 12:00:33+05:30,2025-09-21 04:04:16+05:30,"{""param1"": ""weight"", ""param2"": 10}",,"{""error"": ""timeout_error"", ""code"": ""T001""}",317023000,False,2025-09-17 12:00:13.039016+05:30,T001
443,15,step_442,model_call,succeeded,2,2025-09-07 07:56:12+05:30,,"{""param1"": ""public"", ""param2"": 88}",,,1400388000,False,2025-09-07 07:55:47.551574+05:30,S000
444,18,step_443,sql_query,failed,1,2025-08-28 16:53:41+05:30,,"{""param1"": ""budget"", ""param2"": 16}",,,2232139000,False,2025-08-28 16:53:11.333966+05:30,S000
445,3,step_444,python_fn,succeeded,0,2025-08-29 15:23:39+05:30,2025-09-15 05:42:06+05:30,"{""param1"": ""thought"", ""param2"": 46}",,,1433907000,False,2025-08-29 15:23:21.006012+05:30,S000
446,2,step_445,fallback,compensating,1,2025-09-13 18:21:21+05:30,2025-09-23 02:13:31+05:30,"{""param1"": ""easy"", ""param2"": 22}",,,805930000,False,2025-09-13 18:21:02.621673+05:30,S000
447,16,step_446,join,waiting,0,2025-09-22 23:20:41+05:30,2025-09-23 08:50:35+05:30,"{""param1"": ""stop"", ""param2"": 47}",,"{""error"": ""api_down"", ""code"": ""N003""}",34194000,False,2025-09-22 23:20:05.832743+05:30,N003
448,16,step_447,switch,succeeded,0,2025-09-05 22:23:00+05:30,,"{""param1"": ""design"", ""param2"": 75}",,"{""error"": ""api_down"", ""code"": ""N003""}",1521180000,True,2025-09-05 22:22:13.026538+05:30,N003
449,11,step_448,wait,failed,1,2025-09-13 22:58:37+05:30,2025-09-15 09:40:48+05:30,"{""param1"": ""treat"", ""param2"": 94}",,,124931000,False,2025-09-13 22:58:19.211337+05:30,S000
450,27,step_449,fallback,running,0,2025-09-01 07:06:07+05:30,2025-09-04 22:40:40+05:30,"{""param1"": ""person"", ""param2"": 96}",,"{""error"": ""timeout_error"", ""code"": ""T001""}",315273000,False,2025-09-01 07:05:52.627675+05:30,T001
451,29,step_450,http_call,succeeded,0,2025-09-19 04:30:42+05:30,2025-09-19 12:25:31+05:30,"{""param1"": ""company"", ""param2"": 66}",,,28489000,False,2025-09-19 04:30:11.324173+05:30,S000
452,28,step_451,switch,waiting,0,2025-08-31 21:35:43+05:30,2025-09-08 14:08:13+05:30,"{""param1"": ""body"", ""param2"": 83}",,,664350000,False,2025-08-31 21:33:36.516844+05:30,S000
453,13,step_452,fallback,waiting,0,2025-09-13 01:24:55+05:30,2025-09-17 09:42:27+05:30,"{""param1"": ""make"", ""param2"": 27}",,,375452000,False,2025-09-13 01:23:57.318370+05:30,S000
454,20,step_453,sql_query,succeeded,0,2025-09-10 09:30:57+05:30,2025-09-16 13:51:30+05:30,"{""param1"": ""contain"", ""param2"": 64}",,,534033000,False,2025-09-10 09:30:44.844995+05:30,S000
455,5,step_454,wait,succeeded,0,2025-09-02 06:57:27+05:30,,"{""param1"": ""professional"", ""param2"": 30}",,,1835913000,False,2025-09-02 06:56:57.389110+05:30,S000
456,2,step_455,sql_query,succeeded,5,2025-09-22 21:42:32+05:30,2025-09-23 12:31:08+05:30,"{""param1"": ""yard"", ""param2"": 90}",,,53316000,False,2025-09-22 21:42:14.940047+05:30,S000
457,27,step_456,wait,succeeded,0,2025-09-14 19:35:19+05:30,2025-09-20 04:27:23+05:30,"{""param1"": ""himself"", ""param2"": 65}",,"{""error"": ""validation_fail"", ""code"": ""V004""}",463924000,True,2025-09-14 19:35:03.565873+05:30,V004
458,8,step_457,http_call,succeeded,0,2025-09-19 13:47:24+05:30,2025-09-22 16:15:35+05:30,"{""param1"": ""matter"", ""param2"": 75}",,,268091000,False,2025-09-19 13:46:54.919175+05:30,S000
459,4,step_458,switch,waiting,0,2025-09-06 07:18:55+05:30,,"{""param1"": ""camera"", ""param2"": 94}",,,1489025000,False,2025-09-06 07:18:27.870446+05:30,S000
460,23,step_459,join,succeeded,0,2025-09-02 00:51:21+05:30,,"{""param1"": ""forget"", ""param2"": 89}",,,1857879000,False,2025-09-02 00:51:01.399196+05:30,S000
461,28,step_460,sql_query,succeeded,4,2025-09-17 04:03:42+05:30,2025-09-19 22:53:40+05:30,"{""param1"": ""close"", ""param2"": 13}",,"{""error"": ""timeout_error"", ""code"": ""T001""}",240598000,True,2025-09-17 04:02:45.096793+05:30,T001
462,16,step_461,sql_query,compensating,1,2025-09-21 20:37:40+05:30,2025-09-23 10:22:27+05:30,"{""param1"": ""mean"", ""param2"": 31}",,"{""error"": ""validation_fail"", ""code"": ""V004""}",135887000,False,2025-09-21 20:36:45.626553+05:30,V004
463,13,step_462,compensate,running,1,2025-09-08 10:48:59+05:30,,"{""param1"": ""see"", ""param2"": 28}",,,1303621000,False,2025-09-08 10:48:08.586589+05:30,S000
464,20,step_463,wait,succeeded,0,2025-09-18 22:51:35+05:30,2025-09-21 00:27:54+05:30,"{""param1"": ""fight"", ""param2"": 91}",,,178579000,False,2025-09-18 22:49:13.985419+05:30,S000
465,2,step_464,map,succeeded,0,2025-09-21 19:13:53+05:30,2025-09-21 19:52:29+05:30,"{""param1"": ""oil"", ""param2"": 54}",,,2316000,False,2025-09-21 19:13:11.217734+05:30,S000
466,27,step_465,switch,succeeded,0,2025-09-21 03:14:21+05:30,2025-09-21 12:05:15+05:30,"{""param1"": ""subject"", ""param2"": 21}",,,31854000,False,2025-09-21 03:14:03.574661+05:30,S000
467,0,step_466,wait,failed,2,2025-09-15 07:30:59+05:30,2025-09-22 18:42:32+05:30,"{""param1"": ""performance"", ""param2"": 90}",,"{""error"": ""network_fail"", ""code"": ""N002""}",645093000,False,2025-09-15 07:30:08.280804+05:30,N002
468,19,step_467,compensate,succeeded,0,2025-09-17 11:47:02+05:30,2025-09-18 22:25:29+05:30,"{""param1"": ""to"", ""param2"": 67}",,,124707000,False,2025-09-17 11:46:45.386564+05:30,S000
469,28,step_468,model_call,failed,0,2025-09-16 01:22:16+05:30,2025-09-18 05:12:35+05:30,"{""param1"": ""read"", ""param2"": 13}",,,186619000,False,2025-09-16 01:21:54.125835+05:30,S000
470,20,step_469,wait,compensating,5,2025-09-02 05:48:38+05:30,,"{""param1"": ""offer"", ""param2"": 65}",,"{""error"": ""api_down"", ""code"": ""N003""}",1840042000,False,2025-09-02 05:47:55.860246+05:30,N003
471,22,step_470,join,succeeded,0,2025-08-30 23:52:04+05:30,2025-09-08 00:09:08+05:30,"{""param1"": ""ten"", ""param2"": 66}","{""result"": ""middle""}",,692224000,False,2025-08-30 23:51:19.196007+05:30,S000
472,0,step_471,switch,waiting,0,2025-09-04 13:17:43+05:30,2025-09-16 09:00:34+05:30,"{""param1"": ""reflect"", ""param2"": 62}","{""result"": ""court""}","{""error"": ""api_down"", ""code"": ""N003""}",1021371000,True,2025-09-04 13:16:51.800117+05:30,N003
473,2,step_472,compensate,compensating,0,2025-09-10 18:45:40+05:30,2025-09-23 07:37:40+05:30,"{""param1"": ""wall"", ""param2"": 95}",,,1083120000,False,2025-09-10 18:45:06.547963+05:30,S000
474,17,step_473,model_call,succeeded,4,2025-08-30 02:56:38+05:30,2025-09-02 03:21:01+05:30,"{""param1"": ""appear"", ""param2"": 26}",,,260663000,True,2025-08-30 02:56:18.992068+05:30,S000
475,24,step_474,python_fn,waiting,0,2025-09-03 04:20:20+05:30,2025-09-05 06:54:35+05:30,"{""param1"": ""ago"", ""param2"": 41}",,,182055000,False,2025-09-03 04:19:25.815802+05:30,S000
476,9,step_475,compensate,failed,1,2025-08-30 10:34:51+05:30,2025-09-18 01:37:09+05:30,"{""param1"": ""culture"", ""param2"": 98}",,,1609338000,False,2025-08-30 10:34:06.806494+05:30,S000
477,21,step_476,python_fn,compensating,1,2025-09-03 04:58:30+05:30,2025-09-18 09:20:34+05:30,"{""param1"": ""school"", ""param2"": 61}","{""result"": ""animal""}",,1311724000,False,2025-09-03 04:54:44.078794+05:30,S000
478,25,step_477,switch,failed,0,2025-09-07 01:23:56+05:30,,"{""param1"": ""general"", ""param2"": 93}",,,1423924000,False,2025-09-07 01:23:43.212957+05:30,S000
479,2,step_478,sql_query,failed,1,2025-09-15 09:55:07+05:30,2025-09-23 03:05:47+05:30,"{""param1"": ""up"", ""param2"": 15}",,,666640000,False,2025-09-15 09:54:44.959809+05:30,S000
480,7,step_479,compensate,failed,0,2025-09-23 04:12:10+05:30,,"{""param1"": ""different"", ""param2"": 63}",,,31430000,False,2025-09-23 04:11:55.970959+05:30,S000
481,13,step_480,http_call,waiting,0,2025-09-06 22:01:52+05:30,2025-09-21 09:29:17+05:30,"{""param1"": ""rather"", ""param2"": 79}",,,1250845000,False,2025-09-06 22:01:27.101138+05:30,S000
482,23,step_481,python_fn,running,1,2025-08-28 19:35:07+05:30,2025-09-01 19:42:05+05:30,"{""param1"": ""eat"", ""param2"": 89}","{""result"": ""Mr""}","{""error"": ""timeout_error"", ""code"": ""T001""}",346018000,False,2025-08-28 19:30:28.312523+05:30,T001
483,17,step_482,join,failed,2,2025-08-31 19:46:47+05:30,2025-09-02 10:28:44+05:30,"{""param1"": ""that"", ""param2"": 15}","{""result"": ""room""}","{""error"": ""validation_fail"", ""code"": ""V004""}",139317000,False,2025-08-31 19:43:50.357408+05:30,V004
484,14,step_483,http_call,waiting,1,2025-09-16 03:13:43+05:30,2025-09-19 01:22:46+05:30,"{""param1"": ""speech"", ""param2"": 42}",,"{""error"": ""timeout_error"", ""code"": ""T001""}",252543000,False,2025-09-16 03:13:17.616046+05:30,T001
485,21,step_484,fallback,succeeded,0,2025-09-10 12:53:21+05:30,2025-09-15 13:02:34+05:30,"{""param1"": ""expect"", ""param2"": 22}",,,432553000,False,2025-09-10 12:53:02.915272+05:30,S000
486,22,step_485,fallback,succeeded,0,2025-09-18 03:24:01+05:30,2025-09-20 09:26:28+05:30,"{""param1"": ""gun"", ""param2"": 73}",,"{""error"": ""timeout_error"", ""code"": ""T001""}",194547000,True,2025-09-18 03:23:40.710281+05:30,T001
487,1,step_486,model_call,succeeded,0,2025-09-19 14:15:10+05:30,2025-09-20 04:40:41+05:30,"{""param1"": ""discover"", ""param2"": 18}",,"{""error"": ""validation_fail"", ""code"": ""V004""}",51931000,True,2025-09-19 14:14:32.666137+05:30,V004
488,26,step_487,sql_query,succeeded,0,2025-09-21 20:04:04+05:30,2025-09-22 17:40:08+05:30,"{""param1"": ""wonder"", ""param2"": 68}",,,77764000,False,2025-09-21 20:03:26.300337+05:30,S000
489,9,step_488,switch,succeeded,0,2025-09-16 01:18:05+05:30,2025-09-22 18:09:35+05:30,"{""param1"": ""office"", ""param2"": 79}",,,579090000,True,2025-09-16 01:17:45.227100+05:30,S000
490,1,step_489,compensate,compensating,0,2025-09-08 18:41:47+05:30,2025-09-09 19:47:37+05:30,"{""param1"": ""huge"", ""param2"": 69}",,,90350000,False,2025-09-08 18:40:51.175542+05:30,S000
491,25,step_490,map,succeeded,0,2025-09-09 22:02:22+05:30,2025-09-19 04:29:45+05:30,"{""param1"": ""address"", ""param2"": 59}",,,800843000,False,2025-09-09 22:01:53.395887+05:30,S000
492,16,step_491,join,failed,0,2025-09-12 02:59:13+05:30,2025-09-17 16:53:10+05:30,"{""param1"": ""life"", ""param2"": 15}",,,482037000,False,2025-09-12 02:58:46.058826+05:30,S000
493,7,step_492,python_fn,succeeded,0,2025-09-05 16:24:23+05:30,2025-09-18 09:07:56+05:30,"{""param1"": ""training"", ""param2"": 83}",,,1097013000,False,2025-09-05 16:23:36.103612+05:30,S000
494,0,step_493,switch,waiting,0,2025-08-30 05:00:30+05:30,2025-09-06 23:01:16+05:30,"{""param1"": ""smile"", ""param2"": 88}",,,669646000,False,2025-08-30 04:59:35.955242+05:30,S000
495,8,step_494,http_call,compensating,2,2025-08-28 22:11:18+05:30,,"{""param1"": ""physical"", ""param2"": 62}",,,2213082000,False,2025-08-28 22:09:15.562017+05:30,S000
496,10,step_495,fallback,succeeded,0,2025-09-12 19:15:13+05:30,2025-09-23 01:24:05+05:30,"{""param1"": ""less"", ""param2"": 15}","{""result"": ""back""}",,886132000,False,2025-09-12 19:14:51.651073+05:30,S000
497,21,step_496,join,waiting,3,2025-09-22 19:46:52+05:30,,"{""param1"": ""travel"", ""param2"": 50}",,,61748000,False,2025-09-22 19:45:56.039598+05:30,S000
498,15,step_497,map,succeeded,2,2025-09-12 23:55:42+05:30,,"{""param1"": ""stock"", ""param2"": 82}",,,910818000,False,2025-09-12 23:55:14.893370+05:30,S000
499,6,step_498,compensate,waiting,0,2025-09-04 15:23:58+05:30,,"{""param1"": ""bit"", ""param2"": 95}",,,1632722000,False,2025-09-04 15:23:25.757378+05:30,S000
500,28,step_499,model_call,succeeded,1,2025-09-10 21:41:39+05:30,2025-09-13 13:32:14+05:30,"{""param1"": ""among"", ""param2"": 83}",,"{""error"": ""validation_fail"", ""code"": ""V004""}",229835000,True,2025-09-10 21:41:11.417506+05:30,V004
