id,run_id,step_id,type,status,attempt,started_at,ended_at,input_json,output_json,error_json
1,6,step_0,switch,succeeded,3,2025-09-18 05:29:51+05:30,2025-09-18 08:30:40+05:30,"{""param1"": ""box"", ""param2"": 12}",,
2,19,step_1,wait,succeeded,0,2025-09-19 11:37:34+05:30,2025-09-20 09:55:15+05:30,"{""param1"": ""like"", ""param2"": 78}",,
3,28,step_2,switch,succeeded,0,2025-09-17 03:59:19+05:30,2025-09-19 01:46:48+05:30,"{""param1"": ""challenge"", ""param2"": 65}","{""result"": ""make""}",
4,14,step_3,sql_query,succeeded,1,2025-09-07 07:32:27+05:30,2025-09-15 19:05:30+05:30,"{""param1"": ""difference"", ""param2"": 41}","{""result"": ""message""}","{""error"": ""network_fail"", ""code"": ""N002""}"
5,10,step_4,http_call,waiting,0,2025-09-01 09:06:06+05:30,2025-09-08 18:19:24+05:30,"{""param1"": ""world"", ""param2"": 53}",,"{""error"": ""validation_fail"", ""code"": ""V004""}"
6,7,step_5,compensate,succeeded,0,2025-09-23 12:49:54+05:30,2025-09-23 12:56:28+05:30,"{""param1"": ""you"", ""param2"": 31}","{""result"": ""run""}",
7,28,step_6,fallback,waiting,0,2025-08-29 13:58:47+05:30,2025-09-19 18:23:43+05:30,"{""param1"": ""very"", ""param2"": 92}","{""result"": ""eye""}",
8,20,step_7,switch,succeeded,0,2025-09-14 20:32:29+05:30,2025-09-15 21:07:53+05:30,"{""param1"": ""box"", ""param2"": 38}","{""result"": ""deal""}","{""error"": ""api_down"", ""code"": ""N003""}"
9,6,step_8,wait,waiting,0,2025-09-04 17:26:45+05:30,2025-09-16 22:33:54+05:30,"{""param1"": ""remain"", ""param2"": 62}",,"{""error"": ""timeout_error"", ""code"": ""T001""}"
10,25,step_9,compensate,succeeded,0,2025-09-19 12:59:24+05:30,,"{""param1"": ""institution"", ""param2"": 80}","{""result"": ""arrive""}","{""error"": ""api_down"", ""code"": ""N003""}"
11,18,step_10,python_fn,succeeded,0,2025-09-04 05:48:01+05:30,2025-09-16 12:53:49+05:30,"{""param1"": ""win"", ""param2"": 51}",,"{""error"": ""api_down"", ""code"": ""N003""}"
12,22,step_11,python_fn,failed,0,2025-08-30 22:59:13+05:30,2025-09-04 11:25:27+05:30,"{""param1"": ""class"", ""param2"": 44}",,
13,10,step_12,model_call,compensating,2,2025-09-14 20:48:39+05:30,,"{""param1"": ""firm"", ""param2"": 85}","{""result"": ""better""}",
14,10,step_13,fallback,waiting,0,2025-09-05 18:53:47+05:30,2025-09-11 04:26:20+05:30,"{""param1"": ""table"", ""param2"": 98}","{""result"": ""soldier""}","{""error"": ""network_fail"", ""code"": ""N002""}"
15,23,step_14,sql_query,failed,0,2025-09-06 20:50:59+05:30,2025-09-16 08:22:14+05:30,"{""param1"": ""before"", ""param2"": 41}","{""result"": ""friend""}",
16,20,step_15,wait,compensating,0,2025-08-27 22:16:02+05:30,2025-09-13 23:18:01+05:30,"{""param1"": ""education"", ""param2"": 50}",,
17,3,step_16,http_call,succeeded,0,2025-09-19 08:48:14+05:30,2025-09-22 22:03:52+05:30,"{""param1"": ""finally"", ""param2"": 25}","{""result"": ""benefit""}","{""error"": ""network_fail"", ""code"": ""N002""}"
18,7,step_17,http_call,compensating,2,2025-09-14 05:11:48+05:30,2025-09-17 07:57:57+05:30,"{""param1"": ""happen"", ""param2"": 11}","{""result"": ""must""}",
19,23,step_18,wait,succeeded,0,2025-09-06 18:01:48+05:30,2025-09-17 21:43:29+05:30,"{""param1"": ""notice"", ""param2"": 94}","{""result"": ""focus""}","{""error"": ""timeout_error"", ""code"": ""T001""}"
20,2,step_19,join,running,0,2025-09-15 17:22:35+05:30,2025-09-18 21:51:54+05:30,"{""param1"": ""outside"", ""param2"": 14}",,
21,21,step_20,sql_query,waiting,1,2025-09-19 07:08:40+05:30,2025-09-20 13:38:48+05:30,"{""param1"": ""someone"", ""param2"": 42}","{""result"": ""act""}",
22,20,step_21,compensate,running,1,2025-09-15 13:18:39+05:30,2025-09-16 18:47:25+05:30,"{""param1"": ""risk"", ""param2"": 95}",,
23,1,step_22,switch,failed,0,2025-08-31 02:12:10+05:30,2025-09-11 10:39:09+05:30,"{""param1"": ""relationship"", ""param2"": 54}",,
24,23,step_23,join,succeeded,1,2025-08-27 12:01:44+05:30,2025-08-31 12:23:17+05:30,"{""param1"": ""any"", ""param2"": 39}","{""result"": ""hour""}","{""error"": ""network_fail"", ""code"": ""N002""}"
25,11,step_24,switch,waiting,3,2025-09-15 18:43:44+05:30,2025-09-15 19:40:31+05:30,"{""param1"": ""buy"", ""param2"": 66}",,
26,29,step_25,switch,succeeded,0,2025-09-22 13:22:51+05:30,,"{""param1"": ""off"", ""param2"": 17}","{""result"": ""throughout""}",
27,5,step_26,join,compensating,1,2025-09-02 17:05:47+05:30,,"{""param1"": ""scene"", ""param2"": 78}",,
28,1,step_27,model_call,running,1,2025-08-29 19:17:18+05:30,2025-09-14 06:05:21+05:30,"{""param1"": ""color"", ""param2"": 22}",,
29,27,step_28,python_fn,succeeded,0,2025-08-29 20:00:21+05:30,2025-08-30 06:07:34+05:30,"{""param1"": ""nation"", ""param2"": 90}",,
30,20,step_29,switch,running,0,2025-09-18 12:12:20+05:30,,"{""param1"": ""low"", ""param2"": 39}","{""result"": ""many""}",
31,0,step_30,join,failed,0,2025-08-31 02:20:53+05:30,2025-09-12 16:07:35+05:30,"{""param1"": ""red"", ""param2"": 64}","{""result"": ""history""}",
32,11,step_31,join,running,2,2025-09-07 07:24:59+05:30,2025-09-07 12:50:47+05:30,"{""param1"": ""south"", ""param2"": 64}","{""result"": ""throw""}","{""error"": ""validation_fail"", ""code"": ""V004""}"
33,25,step_32,map,running,5,2025-09-11 02:05:25+05:30,2025-09-21 06:54:31+05:30,"{""param1"": ""red"", ""param2"": 94}","{""result"": ""relationship""}",
34,21,step_33,model_call,succeeded,1,2025-09-17 00:21:34+05:30,2025-09-21 15:29:07+05:30,"{""param1"": ""performance"", ""param2"": 90}","{""result"": ""administration""}",
35,28,step_34,fallback,failed,0,2025-09-15 18:26:30+05:30,2025-09-16 08:44:38+05:30,"{""param1"": ""approach"", ""param2"": 41}","{""result"": ""laugh""}",
36,11,step_35,map,compensating,1,2025-09-11 10:56:39+05:30,2025-09-21 20:24:40+05:30,"{""param1"": ""course"", ""param2"": 82}","{""result"": ""big""}",
37,24,step_36,map,succeeded,0,2025-09-14 22:37:22+05:30,,"{""param1"": ""artist"", ""param2"": 62}","{""result"": ""animal""}",
38,16,step_37,wait,failed,0,2025-09-20 03:17:50+05:30,2025-09-21 20:01:29+05:30,"{""param1"": ""feeling"", ""param2"": 87}",,
39,26,step_38,python_fn,succeeded,0,2025-09-07 13:59:11+05:30,2025-09-18 20:54:16+05:30,"{""param1"": ""week"", ""param2"": 36}","{""result"": ""family""}",
40,26,step_39,join,succeeded,2,2025-09-23 12:59:08+05:30,2025-09-23 13:00:57+05:30,"{""param1"": ""high"", ""param2"": 20}","{""result"": ""represent""}","{""error"": ""validation_fail"", ""code"": ""V004""}"
41,9,step_40,python_fn,failed,0,2025-09-23 15:30:37+05:30,,"{""param1"": ""stock"", ""param2"": 52}","{""result"": ""it""}",
42,27,step_41,sql_query,failed,2,2025-09-13 11:53:59+05:30,2025-09-21 22:58:03+05:30,"{""param1"": ""center"", ""param2"": 83}","{""result"": ""media""}",
43,27,step_42,wait,succeeded,0,2025-08-30 15:12:21+05:30,,"{""param1"": ""beautiful"", ""param2"": 62}",,
44,15,step_43,fallback,failed,0,2025-09-01 04:05:37+05:30,2025-09-03 08:23:23+05:30,"{""param1"": ""set"", ""param2"": 90}","{""result"": ""foot""}",
45,14,step_44,python_fn,succeeded,0,2025-09-03 21:40:21+05:30,2025-09-07 16:07:18+05:30,"{""param1"": ""entire"", ""param2"": 27}",,
46,29,step_45,http_call,succeeded,0,2025-09-15 14:27:04+05:30,2025-09-18 03:55:01+05:30,"{""param1"": ""see"", ""param2"": 32}",,
47,29,step_46,switch,succeeded,3,2025-09-10 03:26:43+05:30,2025-09-17 22:52:07+05:30,"{""param1"": ""the"", ""param2"": 85}",,
48,14,step_47,sql_query,succeeded,0,2025-09-16 00:45:35+05:30,2025-09-19 19:58:25+05:30,"{""param1"": ""story"", ""param2"": 98}",,
49,29,step_48,model_call,succeeded,2,2025-09-15 03:17:05+05:30,2025-09-19 16:57:50+05:30,"{""param1"": ""back"", ""param2"": 20}",,
50,18,step_49,fallback,failed,0,2025-09-01 07:06:27+05:30,2025-09-07 11:33:10+05:30,"{""param1"": ""whatever"", ""param2"": 85}",,"{""error"": ""validation_fail"", ""code"": ""V004""}"
51,11,step_50,sql_query,running,2,2025-09-23 03:05:38+05:30,2025-09-23 05:47:13+05:30,"{""param1"": ""although"", ""param2"": 47}",,"{""error"": ""validation_fail"", ""code"": ""V004""}"
52,22,step_51,switch,succeeded,0,2025-09-08 05:30:37+05:30,2025-09-19 10:56:29+05:30,"{""param1"": ""result"", ""param2"": 78}",,"{""error"": ""timeout_error"", ""code"": ""T001""}"
53,19,step_52,wait,waiting,2,2025-09-19 23:36:54+05:30,,"{""param1"": ""every"", ""param2"": 31}",,"{""error"": ""timeout_error"", ""code"": ""T001""}"
54,24,step_53,switch,running,1,2025-09-01 14:43:11+05:30,2025-09-15 16:08:40+05:30,"{""param1"": ""discover"", ""param2"": 50}",,"{""error"": ""api_down"", ""code"": ""N003""}"
55,2,step_54,map,succeeded,0,2025-08-29 20:04:30+05:30,2025-09-10 06:06:43+05:30,"{""param1"": ""per"", ""param2"": 22}",,
56,4,step_55,switch,compensating,0,2025-09-20 14:48:05+05:30,2025-09-23 02:49:10+05:30,"{""param1"": ""physical"", ""param2"": 67}","{""result"": ""certain""}","{""error"": ""validation_fail"", ""code"": ""V004""}"
57,18,step_56,map,compensating,2,2025-08-27 22:12:09+05:30,2025-09-14 23:14:16+05:30,"{""param1"": ""down"", ""param2"": 63}","{""result"": ""table""}","{""error"": ""api_down"", ""code"": ""N003""}"
58,6,step_57,wait,succeeded,4,2025-09-17 09:58:52+05:30,2025-09-21 11:03:07+05:30,"{""param1"": ""time"", ""param2"": 24}","{""result"": ""option""}",
59,20,step_58,compensate,succeeded,0,2025-09-14 12:42:54+05:30,,"{""param1"": ""physical"", ""param2"": 82}","{""result"": ""send""}","{""error"": ""timeout_error"", ""code"": ""T001""}"
60,8,step_59,map,compensating,1,2025-09-05 09:28:52+05:30,2025-09-08 14:04:58+05:30,"{""param1"": ""say"", ""param2"": 53}","{""result"": ""low""}",
61,6,step_60,model_call,running,3,2025-09-10 07:52:37+05:30,2025-09-21 15:10:28+05:30,"{""param1"": ""instead"", ""param2"": 28}","{""result"": ""in""}",
62,17,step_61,switch,succeeded,2,2025-09-03 05:35:25+05:30,2025-09-15 11:37:55+05:30,"{""param1"": ""article"", ""param2"": 100}",,
63,3,step_62,switch,running,4,2025-09-01 11:03:57+05:30,2025-09-08 21:41:06+05:30,"{""param1"": ""agent"", ""param2"": 76}","{""result"": ""because""}",
64,24,step_63,model_call,waiting,1,2025-08-28 02:23:58+05:30,2025-09-08 11:12:01+05:30,"{""param1"": ""human"", ""param2"": 20}",,
65,27,step_64,http_call,running,0,2025-09-01 23:04:15+05:30,2025-09-18 11:09:20+05:30,"{""param1"": ""stay"", ""param2"": 14}","{""result"": ""because""}",
66,13,step_65,join,running,0,2025-09-10 11:12:01+05:30,2025-09-14 16:13:43+05:30,"{""param1"": ""outside"", ""param2"": 72}","{""result"": ""analysis""}","{""error"": ""api_down"", ""code"": ""N003""}"
67,17,step_66,compensate,waiting,0,2025-09-22 06:58:47+05:30,2025-09-23 02:07:08+05:30,"{""param1"": ""long"", ""param2"": 60}",,
68,25,step_67,fallback,succeeded,1,2025-09-08 00:12:56+05:30,2025-09-22 06:47:30+05:30,"{""param1"": ""shake"", ""param2"": 35}",,
69,8,step_68,map,succeeded,1,2025-09-06 02:38:10+05:30,2025-09-18 14:13:49+05:30,"{""param1"": ""pretty"", ""param2"": 24}","{""result"": ""least""}","{""error"": ""timeout_error"", ""code"": ""T001""}"
70,25,step_69,model_call,failed,0,2025-09-10 14:36:59+05:30,,"{""param1"": ""positive"", ""param2"": 22}",,"{""error"": ""timeout_error"", ""code"": ""T001""}"
71,20,step_70,wait,compensating,2,2025-08-27 12:49:58+05:30,,"{""param1"": ""save"", ""param2"": 85}",,
72,1,step_71,map,succeeded,1,2025-08-28 05:47:51+05:30,,"{""param1"": ""bill"", ""param2"": 72}","{""result"": ""fight""}",
73,19,step_72,join,failed,0,2025-08-27 13:30:30+05:30,2025-08-28 15:29:09+05:30,"{""param1"": ""with"", ""param2"": 71}","{""result"": ""admit""}","{""error"": ""network_fail"", ""code"": ""N002""}"
74,27,step_73,wait,failed,0,2025-09-20 11:09:33+05:30,2025-09-22 19:52:49+05:30,"{""param1"": ""ever"", ""param2"": 95}",,"{""error"": ""api_down"", ""code"": ""N003""}"
75,14,step_74,sql_query,succeeded,0,2025-09-15 11:22:51+05:30,2025-09-16 17:36:16+05:30,"{""param1"": ""vote"", ""param2"": 96}",,"{""error"": ""timeout_error"", ""code"": ""T001""}"
76,27,step_75,switch,running,0,2025-09-16 14:54:15+05:30,2025-09-17 12:39:09+05:30,"{""param1"": ""we"", ""param2"": 54}",,"{""error"": ""api_down"", ""code"": ""N003""}"
77,6,step_76,sql_query,waiting,0,2025-09-04 15:53:19+05:30,2025-09-22 13:43:42+05:30,"{""param1"": ""buy"", ""param2"": 15}",,
78,11,step_77,map,failed,0,2025-08-30 07:52:33+05:30,2025-09-04 05:21:30+05:30,"{""param1"": ""notice"", ""param2"": 59}","{""result"": ""happy""}",
79,28,step_78,join,failed,0,2025-08-30 19:09:18+05:30,2025-09-17 21:34:17+05:30,"{""param1"": ""test"", ""param2"": 94}","{""result"": ""thousand""}",
80,7,step_79,compensate,succeeded,0,2025-09-18 04:18:24+05:30,2025-09-22 02:57:05+05:30,"{""param1"": ""exist"", ""param2"": 79}","{""result"": ""exactly""}","{""error"": ""network_fail"", ""code"": ""N002""}"
81,14,step_80,map,failed,0,2025-09-21 18:08:23+05:30,2025-09-23 11:32:32+05:30,"{""param1"": ""special"", ""param2"": 16}",,
82,2,step_81,model_call,succeeded,0,2025-09-02 22:18:42+05:30,2025-09-09 21:34:00+05:30,"{""param1"": ""suggest"", ""param2"": 62}",,
83,13,step_82,python_fn,succeeded,1,2025-09-19 22:08:33+05:30,2025-09-23 04:20:49+05:30,"{""param1"": ""cultural"", ""param2"": 11}",,
84,16,step_83,map,failed,0,2025-08-30 08:51:01+05:30,,"{""param1"": ""account"", ""param2"": 97}","{""result"": ""book""}",
85,3,step_84,switch,succeeded,3,2025-09-13 02:56:33+05:30,2025-09-13 19:08:07+05:30,"{""param1"": ""once"", ""param2"": 44}","{""result"": ""until""}",
86,17,step_85,switch,succeeded,4,2025-08-31 16:48:06+05:30,2025-09-01 12:38:00+05:30,"{""param1"": ""report"", ""param2"": 77}","{""result"": ""interview""}","{""error"": ""api_down"", ""code"": ""N003""}"
87,7,step_86,map,failed,0,2025-09-10 07:15:08+05:30,2025-09-16 20:27:48+05:30,"{""param1"": ""girl"", ""param2"": 70}",,"{""error"": ""validation_fail"", ""code"": ""V004""}"
88,3,step_87,wait,succeeded,0,2025-08-31 20:33:39+05:30,2025-09-16 17:14:12+05:30,"{""param1"": ""admit"", ""param2"": 82}",,
89,1,step_88,python_fn,succeeded,0,2025-09-07 14:56:51+05:30,2025-09-19 16:16:57+05:30,"{""param1"": ""avoid"", ""param2"": 99}","{""result"": ""mean""}","{""error"": ""network_fail"", ""code"": ""N002""}"
90,29,step_89,model_call,running,0,2025-09-11 17:55:47+05:30,,"{""param1"": ""kind"", ""param2"": 80}",,
91,5,step_90,map,failed,1,2025-09-03 09:27:43+05:30,2025-09-04 18:15:03+05:30,"{""param1"": ""arrive"", ""param2"": 75}","{""result"": ""once""}",
92,21,step_91,wait,succeeded,0,2025-09-03 01:46:05+05:30,2025-09-06 22:48:09+05:30,"{""param1"": ""activity"", ""param2"": 44}",,"{""error"": ""network_fail"", ""code"": ""N002""}"
93,9,step_92,switch,waiting,0,2025-09-17 20:13:47+05:30,2025-09-22 17:05:22+05:30,"{""param1"": ""all"", ""param2"": 20}","{""result"": ""establish""}",
94,3,step_93,switch,succeeded,0,2025-08-27 14:12:18+05:30,2025-08-28 07:14:31+05:30,"{""param1"": ""should"", ""param2"": 97}",,"{""error"": ""timeout_error"", ""code"": ""T001""}"
95,21,step_94,join,running,0,2025-08-27 11:19:09+05:30,2025-09-09 13:12:18+05:30,"{""param1"": ""unit"", ""param2"": 60}","{""result"": ""matter""}",
96,28,step_95,map,failed,1,2025-08-30 10:37:11+05:30,2025-09-04 11:32:44+05:30,"{""param1"": ""over"", ""param2"": 73}",,"{""error"": ""timeout_error"", ""code"": ""T001""}"
97,17,step_96,python_fn,compensating,0,2025-08-30 04:41:09+05:30,2025-09-12 06:46:54+05:30,"{""param1"": ""matter"", ""param2"": 52}","{""result"": ""serve""}","{""error"": ""api_down"", ""code"": ""N003""}"
98,25,step_97,http_call,running,0,2025-09-10 06:18:55+05:30,2025-09-16 15:48:26+05:30,"{""param1"": ""such"", ""param2"": 94}","{""result"": ""close""}",
99,11,step_98,python_fn,running,0,2025-09-20 09:40:22+05:30,2025-09-21 04:15:17+05:30,"{""param1"": ""news"", ""param2"": 53}","{""result"": ""author""}",
100,1,step_99,switch,running,5,2025-09-03 05:50:50+05:30,2025-09-15 18:01:48+05:30,"{""param1"": ""pattern"", ""param2"": 32}","{""result"": ""finish""}",
101,9,step_100,switch,succeeded,0,2025-09-07 22:33:41+05:30,2025-09-14 06:29:06+05:30,"{""param1"": ""man"", ""param2"": 24}","{""result"": ""end""}",
102,29,step_101,sql_query,succeeded,0,2025-09-20 07:49:38+05:30,,"{""param1"": ""third"", ""param2"": 60}",,"{""error"": ""api_down"", ""code"": ""N003""}"
103,3,step_102,switch,running,1,2025-09-19 11:22:17+05:30,2025-09-20 04:43:21+05:30,"{""param1"": ""any"", ""param2"": 73}","{""result"": ""laugh""}",
104,13,step_103,model_call,succeeded,0,2025-09-18 14:10:18+05:30,2025-09-20 15:44:05+05:30,"{""param1"": ""program"", ""param2"": 19}",,
105,15,step_104,fallback,running,4,2025-08-27 12:43:21+05:30,,"{""param1"": ""friend"", ""param2"": 59}",,
106,14,step_105,map,succeeded,1,2025-09-05 23:11:36+05:30,2025-09-16 22:36:47+05:30,"{""param1"": ""answer"", ""param2"": 88}",,
107,7,step_106,python_fn,failed,1,2025-09-01 14:45:41+05:30,,"{""param1"": ""other"", ""param2"": 50}","{""result"": ""yourself""}","{""error"": ""api_down"", ""code"": ""N003""}"
108,13,step_107,fallback,succeeded,1,2025-09-19 16:02:52+05:30,2025-09-20 19:33:13+05:30,"{""param1"": ""result"", ""param2"": 10}","{""result"": ""tough""}","{""error"": ""validation_fail"", ""code"": ""V004""}"
109,22,step_108,wait,succeeded,4,2025-09-08 11:40:52+05:30,2025-09-21 08:09:39+05:30,"{""param1"": ""crime"", ""param2"": 96}",,
110,27,step_109,http_call,failed,3,2025-09-13 21:59:07+05:30,2025-09-14 02:17:55+05:30,"{""param1"": ""reduce"", ""param2"": 54}",,
111,24,step_110,model_call,failed,1,2025-09-10 19:06:54+05:30,2025-09-19 03:27:29+05:30,"{""param1"": ""decision"", ""param2"": 62}","{""result"": ""themselves""}","{""error"": ""timeout_error"", ""code"": ""T001""}"
112,29,step_111,python_fn,failed,1,2025-09-08 11:06:12+05:30,2025-09-10 06:55:19+05:30,"{""param1"": ""collection"", ""param2"": 63}","{""result"": ""artist""}","{""error"": ""network_fail"", ""code"": ""N002""}"
113,7,step_112,fallback,succeeded,0,2025-09-15 14:07:59+05:30,2025-09-17 10:19:36+05:30,"{""param1"": ""current"", ""param2"": 26}","{""result"": ""early""}",
114,20,step_113,http_call,succeeded,0,2025-09-09 11:43:00+05:30,,"{""param1"": ""doctor"", ""param2"": 33}",,"{""error"": ""network_fail"", ""code"": ""N002""}"
115,15,step_114,sql_query,running,0,2025-09-21 14:01:18+05:30,2025-09-21 21:17:59+05:30,"{""param1"": ""form"", ""param2"": 69}","{""result"": ""away""}",
116,12,step_115,model_call,succeeded,0,2025-09-18 12:33:41+05:30,2025-09-19 01:47:05+05:30,"{""param1"": ""figure"", ""param2"": 51}","{""result"": ""area""}",
117,17,step_116,model_call,failed,0,2025-09-01 13:25:13+05:30,2025-09-17 19:56:00+05:30,"{""param1"": ""begin"", ""param2"": 87}",,
118,14,step_117,sql_query,failed,0,2025-09-01 16:08:47+05:30,2025-09-22 22:11:51+05:30,"{""param1"": ""news"", ""param2"": 61}","{""result"": ""could""}","{""error"": ""timeout_error"", ""code"": ""T001""}"
119,20,step_118,map,running,0,2025-09-19 19:28:21+05:30,,"{""param1"": ""stand"", ""param2"": 11}","{""result"": ""possible""}",
120,23,step_119,sql_query,failed,1,2025-09-11 11:43:22+05:30,,"{""param1"": ""financial"", ""param2"": 10}",,
121,25,step_120,model_call,waiting,3,2025-09-21 04:24:47+05:30,2025-09-22 01:43:33+05:30,"{""param1"": ""news"", ""param2"": 25}",,"{""error"": ""network_fail"", ""code"": ""N002""}"
122,24,step_121,model_call,compensating,0,2025-09-18 00:31:12+05:30,2025-09-22 02:00:09+05:30,"{""param1"": ""response"", ""param2"": 14}","{""result"": ""trip""}",
123,27,step_122,fallback,succeeded,0,2025-09-15 07:20:21+05:30,2025-09-23 12:02:40+05:30,"{""param1"": ""know"", ""param2"": 41}","{""result"": ""drug""}","{""error"": ""validation_fail"", ""code"": ""V004""}"
124,27,step_123,switch,succeeded,2,2025-09-13 08:42:41+05:30,2025-09-19 15:34:11+05:30,"{""param1"": ""ability"", ""param2"": 66}","{""result"": ""analysis""}",
125,27,step_124,http_call,succeeded,0,2025-09-12 23:17:33+05:30,,"{""param1"": ""window"", ""param2"": 61}","{""result"": ""open""}","{""error"": ""api_down"", ""code"": ""N003""}"
126,12,step_125,sql_query,succeeded,2,2025-09-09 09:02:41+05:30,2025-09-15 03:14:34+05:30,"{""param1"": ""time"", ""param2"": 76}",,
127,8,step_126,http_call,failed,0,2025-09-14 06:39:59+05:30,,"{""param1"": ""husband"", ""param2"": 40}","{""result"": ""American""}",
128,28,step_127,sql_query,compensating,0,2025-09-05 18:12:39+05:30,2025-09-15 12:11:57+05:30,"{""param1"": ""place"", ""param2"": 56}","{""result"": ""a""}",
129,14,step_128,wait,succeeded,4,2025-09-22 14:27:04+05:30,2025-09-23 00:44:55+05:30,"{""param1"": ""sit"", ""param2"": 97}","{""result"": ""scene""}","{""error"": ""api_down"", ""code"": ""N003""}"
130,12,step_129,model_call,succeeded,0,2025-09-12 16:12:16+05:30,2025-09-23 01:38:39+05:30,"{""param1"": ""movie"", ""param2"": 10}",,
131,0,step_130,switch,succeeded,1,2025-08-27 15:51:55+05:30,2025-09-11 09:20:41+05:30,"{""param1"": ""act"", ""param2"": 28}",,
132,24,step_131,fallback,running,2,2025-09-08 13:47:52+05:30,2025-09-20 04:10:33+05:30,"{""param1"": ""second"", ""param2"": 11}",,"{""error"": ""validation_fail"", ""code"": ""V004""}"
133,6,step_132,switch,failed,0,2025-09-02 12:47:34+05:30,,"{""param1"": ""better"", ""param2"": 73}","{""result"": ""rich""}",
134,8,step_133,switch,succeeded,1,2025-09-22 05:21:44+05:30,2025-09-22 16:59:05+05:30,"{""param1"": ""movie"", ""param2"": 72}",,"{""error"": ""timeout_error"", ""code"": ""T001""}"
135,23,step_134,switch,compensating,4,2025-09-04 03:54:25+05:30,,"{""param1"": ""perform"", ""param2"": 88}",,
136,0,step_135,http_call,running,0,2025-09-08 08:08:17+05:30,2025-09-09 08:50:36+05:30,"{""param1"": ""whom"", ""param2"": 54}","{""result"": ""front""}",
137,11,step_136,sql_query,succeeded,2,2025-09-17 02:54:51+05:30,2025-09-22 07:55:27+05:30,"{""param1"": ""on"", ""param2"": 83}","{""result"": ""the""}",
138,7,step_137,compensate,failed,0,2025-09-16 14:26:00+05:30,2025-09-17 11:43:54+05:30,"{""param1"": ""arm"", ""param2"": 41}","{""result"": ""glass""}",
139,23,step_138,wait,running,1,2025-09-01 06:06:51+05:30,2025-09-15 22:33:53+05:30,"{""param1"": ""candidate"", ""param2"": 21}","{""result"": ""baby""}","{""error"": ""api_down"", ""code"": ""N003""}"
140,10,step_139,python_fn,succeeded,1,2025-09-04 02:50:02+05:30,2025-09-10 03:13:21+05:30,"{""param1"": ""total"", ""param2"": 13}","{""result"": ""enter""}","{""error"": ""api_down"", ""code"": ""N003""}"
141,18,step_140,switch,succeeded,0,2025-09-23 02:31:44+05:30,2025-09-23 04:05:54+05:30,"{""param1"": ""trial"", ""param2"": 50}","{""result"": ""others""}",
142,16,step_141,map,succeeded,3,2025-08-27 18:26:12+05:30,2025-09-11 21:08:43+05:30,"{""param1"": ""level"", ""param2"": 41}","{""result"": ""establish""}",
143,7,step_142,http_call,succeeded,3,2025-09-02 21:50:59+05:30,2025-09-14 03:32:08+05:30,"{""param1"": ""prove"", ""param2"": 43}",,
144,2,step_143,fallback,waiting,1,2025-08-30 11:21:37+05:30,,"{""param1"": ""mouth"", ""param2"": 91}","{""result"": ""where""}",
145,2,step_144,python_fn,compensating,1,2025-09-12 18:56:31+05:30,2025-09-20 18:54:06+05:30,"{""param1"": ""design"", ""param2"": 62}",,
146,0,step_145,compensate,succeeded,1,2025-09-07 16:50:45+05:30,2025-09-22 23:48:46+05:30,"{""param1"": ""physical"", ""param2"": 43}",,
147,26,step_146,map,succeeded,0,2025-09-18 17:38:12+05:30,2025-09-22 03:37:11+05:30,"{""param1"": ""interview"", ""param2"": 49}",,
148,4,step_147,compensate,succeeded,1,2025-09-18 14:39:51+05:30,,"{""param1"": ""happen"", ""param2"": 100}",,
149,9,step_148,python_fn,succeeded,0,2025-09-10 15:45:30+05:30,2025-09-17 17:48:01+05:30,"{""param1"": ""defense"", ""param2"": 35}","{""result"": ""win""}",
150,6,step_149,switch,waiting,0,2025-09-01 23:46:10+05:30,2025-09-20 08:00:06+05:30,"{""param1"": ""minute"", ""param2"": 26}",,
151,25,step_150,map,succeeded,1,2025-08-29 12:07:51+05:30,2025-09-22 03:08:15+05:30,"{""param1"": ""something"", ""param2"": 97}","{""result"": ""history""}",
152,8,step_151,compensate,succeeded,0,2025-09-15 21:57:17+05:30,2025-09-16 05:28:27+05:30,"{""param1"": ""use"", ""param2"": 56}","{""result"": ""that""}",
153,27,step_152,fallback,succeeded,0,2025-09-15 13:59:45+05:30,,"{""param1"": ""until"", ""param2"": 28}",,
154,6,step_153,sql_query,failed,0,2025-09-23 03:09:39+05:30,,"{""param1"": ""billion"", ""param2"": 16}","{""result"": ""attack""}","{""error"": ""api_down"", ""code"": ""N003""}"
155,8,step_154,model_call,succeeded,0,2025-09-14 23:28:16+05:30,2025-09-22 03:40:57+05:30,"{""param1"": ""professor"", ""param2"": 66}","{""result"": ""girl""}",
156,7,step_155,sql_query,running,1,2025-09-17 13:29:27+05:30,2025-09-18 07:23:53+05:30,"{""param1"": ""industry"", ""param2"": 55}",,
157,11,step_156,python_fn,succeeded,0,2025-09-21 03:58:08+05:30,2025-09-23 05:46:00+05:30,"{""param1"": ""cup"", ""param2"": 37}",,
158,1,step_157,http_call,running,1,2025-09-11 05:47:51+05:30,2025-09-19 18:16:54+05:30,"{""param1"": ""interesting"", ""param2"": 77}",,"{""error"": ""api_down"", ""code"": ""N003""}"
159,0,step_158,model_call,failed,0,2025-08-30 15:22:47+05:30,2025-08-31 12:43:56+05:30,"{""param1"": ""beautiful"", ""param2"": 36}","{""result"": ""your""}",
160,15,step_159,wait,succeeded,1,2025-08-28 00:52:17+05:30,2025-08-28 13:45:39+05:30,"{""param1"": ""me"", ""param2"": 24}",,
161,22,step_160,fallback,succeeded,0,2025-08-30 22:40:31+05:30,2025-09-10 12:04:54+05:30,"{""param1"": ""I"", ""param2"": 34}","{""result"": ""my""}",
162,22,step_161,wait,waiting,0,2025-09-18 08:27:55+05:30,2025-09-20 04:30:51+05:30,"{""param1"": ""section"", ""param2"": 28}",,
163,29,step_162,map,compensating,1,2025-09-18 16:02:58+05:30,2025-09-20 18:48:44+05:30,"{""param1"": ""animal"", ""param2"": 80}",,"{""error"": ""network_fail"", ""code"": ""N002""}"
164,23,step_163,model_call,succeeded,2,2025-09-04 11:00:11+05:30,,"{""param1"": ""operation"", ""param2"": 92}",,
165,4,step_164,wait,succeeded,0,2025-09-03 23:14:07+05:30,2025-09-15 04:06:05+05:30,"{""param1"": ""part"", ""param2"": 19}",,
166,2,step_165,wait,compensating,0,2025-09-16 01:38:50+05:30,2025-09-17 11:46:24+05:30,"{""param1"": ""trade"", ""param2"": 15}","{""result"": ""practice""}",
167,11,step_166,compensate,failed,0,2025-08-28 05:47:50+05:30,2025-09-10 19:21:03+05:30,"{""param1"": ""face"", ""param2"": 82}",,
168,7,step_167,sql_query,succeeded,0,2025-09-14 21:40:57+05:30,2025-09-20 05:21:15+05:30,"{""param1"": ""trial"", ""param2"": 27}",,
169,21,step_168,compensate,compensating,1,2025-09-08 22:13:04+05:30,2025-09-15 21:20:55+05:30,"{""param1"": ""family"", ""param2"": 18}","{""result"": ""test""}",
170,26,step_169,model_call,succeeded,0,2025-09-13 17:50:20+05:30,2025-09-16 00:17:58+05:30,"{""param1"": ""suggest"", ""param2"": 30}",,
171,2,step_170,model_call,failed,0,2025-08-29 02:09:09+05:30,2025-09-04 06:12:53+05:30,"{""param1"": ""plan"", ""param2"": 48}","{""result"": ""boy""}",
172,0,step_171,python_fn,succeeded,0,2025-09-04 16:33:41+05:30,2025-09-20 12:18:43+05:30,"{""param1"": ""matter"", ""param2"": 41}",,
173,2,step_172,compensate,succeeded,0,2025-09-05 03:35:26+05:30,2025-09-12 22:07:58+05:30,"{""param1"": ""production"", ""param2"": 99}",,
174,4,step_173,join,succeeded,0,2025-09-15 22:17:00+05:30,2025-09-18 18:39:57+05:30,"{""param1"": ""color"", ""param2"": 67}",,
175,14,step_174,sql_query,running,0,2025-09-23 05:33:47+05:30,2025-09-23 10:50:01+05:30,"{""param1"": ""court"", ""param2"": 20}","{""result"": ""hit""}","{""error"": ""api_down"", ""code"": ""N003""}"
176,13,step_175,model_call,succeeded,0,2025-09-02 00:34:48+05:30,2025-09-12 09:59:47+05:30,"{""param1"": ""forget"", ""param2"": 25}",,
177,2,step_176,python_fn,succeeded,0,2025-09-07 19:11:13+05:30,2025-09-12 19:27:04+05:30,"{""param1"": ""hotel"", ""param2"": 41}",,"{""error"": ""validation_fail"", ""code"": ""V004""}"
178,0,step_177,compensate,succeeded,2,2025-09-20 23:59:15+05:30,2025-09-21 19:00:53+05:30,"{""param1"": ""color"", ""param2"": 78}",,
179,4,step_178,sql_query,failed,0,2025-09-04 14:33:33+05:30,2025-09-23 08:13:37+05:30,"{""param1"": ""name"", ""param2"": 67}","{""result"": ""Democrat""}",
180,25,step_179,compensate,compensating,4,2025-08-30 04:13:24+05:30,2025-09-13 10:10:22+05:30,"{""param1"": ""face"", ""param2"": 31}","{""result"": ""lead""}",
181,22,step_180,wait,succeeded,0,2025-09-13 20:52:24+05:30,2025-09-22 02:13:25+05:30,"{""param1"": ""water"", ""param2"": 91}",,
182,13,step_181,python_fn,failed,2,2025-08-31 20:19:46+05:30,2025-09-22 07:07:06+05:30,"{""param1"": ""young"", ""param2"": 38}","{""result"": ""leader""}",
183,6,step_182,sql_query,waiting,1,2025-09-05 10:29:22+05:30,2025-09-10 13:31:35+05:30,"{""param1"": ""why"", ""param2"": 75}",,"{""error"": ""api_down"", ""code"": ""N003""}"
184,26,step_183,switch,failed,1,2025-09-12 11:15:11+05:30,2025-09-21 15:22:54+05:30,"{""param1"": ""agent"", ""param2"": 29}",,
185,8,step_184,map,succeeded,1,2025-09-08 00:10:02+05:30,2025-09-12 11:06:07+05:30,"{""param1"": ""either"", ""param2"": 13}",,
186,14,step_185,map,succeeded,0,2025-09-11 17:00:15+05:30,2025-09-19 18:29:06+05:30,"{""param1"": ""suggest"", ""param2"": 85}",,"{""error"": ""network_fail"", ""code"": ""N002""}"
187,14,step_186,sql_query,succeeded,0,2025-09-12 19:50:06+05:30,2025-09-16 22:39:22+05:30,"{""param1"": ""woman"", ""param2"": 68}",,
188,25,step_187,compensate,succeeded,0,2025-09-01 02:05:34+05:30,2025-09-21 01:22:26+05:30,"{""param1"": ""fish"", ""param2"": 75}","{""result"": ""floor""}",
189,9,step_188,python_fn,succeeded,0,2025-09-12 04:33:48+05:30,2025-09-20 05:03:06+05:30,"{""param1"": ""our"", ""param2"": 52}","{""result"": ""western""}",
190,27,step_189,map,running,0,2025-09-01 14:37:44+05:30,,"{""param1"": ""difficult"", ""param2"": 27}","{""result"": ""address""}",
191,12,step_190,python_fn,succeeded,0,2025-09-13 03:11:24+05:30,2025-09-18 11:45:55+05:30,"{""param1"": ""never"", ""param2"": 19}","{""result"": ""of""}",
192,18,step_191,map,succeeded,1,2025-09-11 04:11:57+05:30,2025-09-22 04:39:38+05:30,"{""param1"": ""democratic"", ""param2"": 51}",,
193,6,step_192,wait,failed,0,2025-08-29 18:26:41+05:30,2025-09-17 19:30:05+05:30,"{""param1"": ""right"", ""param2"": 58}",,
194,16,step_193,compensate,succeeded,1,2025-09-17 07:52:34+05:30,2025-09-18 13:48:28+05:30,"{""param1"": ""form"", ""param2"": 84}",,
195,19,step_194,wait,waiting,1,2025-09-19 03:23:25+05:30,2025-09-19 10:34:25+05:30,"{""param1"": ""blood"", ""param2"": 25}",,"{""error"": ""network_fail"", ""code"": ""N002""}"
196,28,step_195,map,failed,5,2025-09-04 11:41:21+05:30,,"{""param1"": ""season"", ""param2"": 40}",,
197,3,step_196,switch,succeeded,0,2025-08-31 06:55:42+05:30,2025-09-08 10:50:58+05:30,"{""param1"": ""listen"", ""param2"": 18}",,"{""error"": ""api_down"", ""code"": ""N003""}"
198,29,step_197,switch,running,0,2025-08-30 23:27:16+05:30,2025-09-03 12:34:48+05:30,"{""param1"": ""decide"", ""param2"": 74}",,"{""error"": ""timeout_error"", ""code"": ""T001""}"
199,4,step_198,wait,failed,0,2025-09-20 20:47:04+05:30,2025-09-21 05:55:42+05:30,"{""param1"": ""will"", ""param2"": 20}",,
200,22,step_199,switch,failed,0,2025-09-14 18:42:56+05:30,2025-09-18 04:07:58+05:30,"{""param1"": ""energy"", ""param2"": 95}","{""result"": ""visit""}",
201,6,step_200,map,succeeded,2,2025-09-06 09:04:20+05:30,,"{""param1"": ""opportunity"", ""param2"": 78}","{""result"": ""four""}",
202,12,step_201,sql_query,succeeded,0,2025-09-09 01:57:41+05:30,2025-09-12 02:06:43+05:30,"{""param1"": ""nature"", ""param2"": 88}","{""result"": ""beyond""}","{""error"": ""timeout_error"", ""code"": ""T001""}"
203,14,step_202,wait,running,1,2025-09-01 09:17:13+05:30,2025-09-19 22:21:32+05:30,"{""param1"": ""accept"", ""param2"": 99}",,
204,10,step_203,http_call,succeeded,0,2025-09-14 01:13:18+05:30,,"{""param1"": ""long"", ""param2"": 17}",,
205,28,step_204,compensate,succeeded,1,2025-08-30 22:22:45+05:30,2025-09-06 00:18:02+05:30,"{""param1"": ""story"", ""param2"": 21}","{""result"": ""including""}",
206,3,step_205,switch,succeeded,1,2025-09-16 07:38:44+05:30,2025-09-20 21:06:19+05:30,"{""param1"": ""themselves"", ""param2"": 76}","{""result"": ""democratic""}",
207,12,step_206,switch,running,0,2025-09-02 06:15:20+05:30,2025-09-10 16:31:23+05:30,"{""param1"": ""us"", ""param2"": 85}",,"{""error"": ""api_down"", ""code"": ""N003""}"
208,6,step_207,model_call,succeeded,0,2025-09-20 20:45:04+05:30,2025-09-20 22:56:00+05:30,"{""param1"": ""before"", ""param2"": 24}","{""result"": ""activity""}",
209,26,step_208,join,waiting,0,2025-09-16 12:42:07+05:30,2025-09-19 06:27:30+05:30,"{""param1"": ""change"", ""param2"": 97}","{""result"": ""sport""}",
210,18,step_209,wait,failed,0,2025-08-30 14:41:45+05:30,2025-09-21 11:49:32+05:30,"{""param1"": ""third"", ""param2"": 100}",,
211,21,step_210,fallback,waiting,0,2025-09-02 13:19:31+05:30,2025-09-15 22:42:08+05:30,"{""param1"": ""main"", ""param2"": 25}","{""result"": ""lot""}",
212,27,step_211,switch,compensating,0,2025-09-20 08:24:32+05:30,2025-09-23 09:21:42+05:30,"{""param1"": ""society"", ""param2"": 19}","{""result"": ""race""}",
213,1,step_212,compensate,waiting,0,2025-08-27 11:46:13+05:30,,"{""param1"": ""price"", ""param2"": 10}",,
214,9,step_213,http_call,waiting,0,2025-09-14 21:31:37+05:30,,"{""param1"": ""yet"", ""param2"": 53}",,"{""error"": ""validation_fail"", ""code"": ""V004""}"
215,12,step_214,switch,succeeded,0,2025-09-08 18:49:02+05:30,2025-09-10 01:49:57+05:30,"{""param1"": ""science"", ""param2"": 49}",,
216,29,step_215,http_call,failed,1,2025-09-13 14:58:12+05:30,2025-09-21 12:38:38+05:30,"{""param1"": ""claim"", ""param2"": 48}","{""result"": ""ten""}",
217,24,step_216,map,succeeded,0,2025-08-30 08:19:29+05:30,2025-09-12 13:07:25+05:30,"{""param1"": ""room"", ""param2"": 85}","{""result"": ""red""}","{""error"": ""network_fail"", ""code"": ""N002""}"
218,20,step_217,map,succeeded,1,2025-09-06 02:30:22+05:30,2025-09-19 02:30:32+05:30,"{""param1"": ""none"", ""param2"": 28}","{""result"": ""individual""}","{""error"": ""validation_fail"", ""code"": ""V004""}"
219,5,step_218,join,failed,0,2025-09-06 13:32:40+05:30,2025-09-12 23:11:27+05:30,"{""param1"": ""pass"", ""param2"": 72}",,
220,27,step_219,sql_query,failed,0,2025-09-08 15:14:29+05:30,,"{""param1"": ""civil"", ""param2"": 76}",,"{""error"": ""validation_fail"", ""code"": ""V004""}"
221,27,step_220,fallback,succeeded,2,2025-08-28 01:28:00+05:30,2025-08-29 12:43:53+05:30,"{""param1"": ""eye"", ""param2"": 66}","{""result"": ""travel""}",
222,11,step_221,model_call,failed,0,2025-09-15 14:24:56+05:30,2025-09-15 15:41:13+05:30,"{""param1"": ""play"", ""param2"": 85}",,
223,11,step_222,join,waiting,0,2025-08-31 16:55:46+05:30,2025-09-01 06:03:29+05:30,"{""param1"": ""eat"", ""param2"": 21}","{""result"": ""area""}",
224,19,step_223,python_fn,failed,0,2025-09-20 11:35:03+05:30,,"{""param1"": ""decade"", ""param2"": 42}","{""result"": ""around""}",
225,29,step_224,model_call,running,0,2025-09-01 00:49:20+05:30,,"{""param1"": ""water"", ""param2"": 94}","{""result"": ""house""}",
226,29,step_225,wait,waiting,0,2025-09-17 19:34:13+05:30,,"{""param1"": ""resource"", ""param2"": 65}","{""result"": ""tough""}",
227,10,step_226,compensate,compensating,0,2025-08-31 09:44:11+05:30,2025-08-31 21:39:43+05:30,"{""param1"": ""although"", ""param2"": 53}",,
228,25,step_227,python_fn,failed,2,2025-09-04 06:27:14+05:30,2025-09-17 22:05:41+05:30,"{""param1"": ""word"", ""param2"": 52}",,
229,22,step_228,python_fn,waiting,0,2025-08-31 07:32:39+05:30,,"{""param1"": ""brother"", ""param2"": 87}","{""result"": ""movie""}",
230,27,step_229,join,compensating,0,2025-09-06 01:43:25+05:30,2025-09-14 21:08:07+05:30,"{""param1"": ""field"", ""param2"": 64}",,
231,24,step_230,sql_query,compensating,0,2025-09-20 17:11:18+05:30,2025-09-22 05:45:05+05:30,"{""param1"": ""land"", ""param2"": 68}","{""result"": ""within""}",
232,6,step_231,join,succeeded,1,2025-09-19 15:53:31+05:30,,"{""param1"": ""one"", ""param2"": 19}",,"{""error"": ""timeout_error"", ""code"": ""T001""}"
233,29,step_232,wait,succeeded,0,2025-09-04 09:56:43+05:30,,"{""param1"": ""determine"", ""param2"": 14}",,
234,0,step_233,switch,succeeded,0,2025-09-01 16:06:51+05:30,2025-09-21 07:59:09+05:30,"{""param1"": ""tough"", ""param2"": 46}","{""result"": ""fight""}","{""error"": ""network_fail"", ""code"": ""N002""}"
235,0,step_234,switch,succeeded,0,2025-09-12 07:24:00+05:30,2025-09-19 12:44:00+05:30,"{""param1"": ""energy"", ""param2"": 59}",,
236,24,step_235,sql_query,failed,3,2025-09-08 03:44:00+05:30,2025-09-12 22:52:43+05:30,"{""param1"": ""group"", ""param2"": 97}","{""result"": ""wide""}",
237,26,step_236,wait,running,0,2025-09-22 11:21:04+05:30,2025-09-22 23:57:57+05:30,"{""param1"": ""mean"", ""param2"": 49}","{""result"": ""everybody""}","{""error"": ""api_down"", ""code"": ""N003""}"
238,29,step_237,sql_query,waiting,0,2025-09-10 22:26:35+05:30,2025-09-20 02:28:59+05:30,"{""param1"": ""until"", ""param2"": 58}","{""result"": ""executive""}","{""error"": ""network_fail"", ""code"": ""N002""}"
239,24,step_238,http_call,succeeded,0,2025-09-04 10:17:33+05:30,,"{""param1"": ""court"", ""param2"": 68}",,"{""error"": ""timeout_error"", ""code"": ""T001""}"
240,19,step_239,switch,waiting,1,2025-09-09 12:21:55+05:30,,"{""param1"": ""subject"", ""param2"": 49}",,"{""error"": ""timeout_error"", ""code"": ""T001""}"
241,12,step_240,python_fn,failed,0,2025-09-16 13:21:03+05:30,,"{""param1"": ""great"", ""param2"": 48}","{""result"": ""conference""}",
242,8,step_241,fallback,running,0,2025-09-02 17:32:12+05:30,2025-09-21 01:29:27+05:30,"{""param1"": ""court"", ""param2"": 43}",,
243,2,step_242,compensate,compensating,1,2025-09-23 19:49:13+05:30,,"{""param1"": ""address"", ""param2"": 78}",,
244,6,step_243,wait,failed,1,2025-09-05 22:45:12+05:30,,"{""param1"": ""member"", ""param2"": 60}",,
245,5,step_244,model_call,succeeded,0,2025-09-19 07:53:46+05:30,2025-09-22 11:12:31+05:30,"{""param1"": ""few"", ""param2"": 75}",,
246,7,step_245,sql_query,waiting,2,2025-09-16 08:39:51+05:30,,"{""param1"": ""push"", ""param2"": 23}",,
247,26,step_246,compensate,succeeded,0,2025-09-21 19:30:19+05:30,,"{""param1"": ""girl"", ""param2"": 90}","{""result"": ""allow""}",
248,8,step_247,model_call,succeeded,0,2025-09-04 18:41:00+05:30,2025-09-22 23:51:07+05:30,"{""param1"": ""much"", ""param2"": 93}","{""result"": ""ahead""}",
249,29,step_248,compensate,waiting,0,2025-09-18 14:42:34+05:30,2025-09-20 09:19:29+05:30,"{""param1"": ""cause"", ""param2"": 51}",,
250,4,step_249,fallback,succeeded,5,2025-08-29 21:15:58+05:30,2025-09-09 03:50:02+05:30,"{""param1"": ""upon"", ""param2"": 89}","{""result"": ""lead""}",
251,0,step_250,model_call,running,0,2025-08-30 03:04:59+05:30,2025-09-14 11:56:35+05:30,"{""param1"": ""response"", ""param2"": 85}",,"{""error"": ""validation_fail"", ""code"": ""V004""}"
252,18,step_251,join,succeeded,0,2025-08-31 18:50:34+05:30,2025-09-18 03:47:04+05:30,"{""param1"": ""into"", ""param2"": 22}",,
253,9,step_252,map,waiting,0,2025-09-11 05:50:10+05:30,,"{""param1"": ""peace"", ""param2"": 57}","{""result"": ""customer""}","{""error"": ""network_fail"", ""code"": ""N002""}"
254,11,step_253,join,succeeded,1,2025-09-05 09:20:06+05:30,2025-09-22 13:28:06+05:30,"{""param1"": ""sure"", ""param2"": 73}","{""result"": ""economic""}",
255,23,step_254,switch,compensating,0,2025-09-20 00:51:52+05:30,2025-09-21 02:32:38+05:30,"{""param1"": ""set"", ""param2"": 28}","{""result"": ""father""}",
256,14,step_255,map,running,0,2025-09-15 01:47:27+05:30,2025-09-22 22:07:19+05:30,"{""param1"": ""television"", ""param2"": 23}",,"{""error"": ""network_fail"", ""code"": ""N002""}"
257,26,step_256,join,succeeded,0,2025-09-08 10:12:30+05:30,2025-09-23 02:26:23+05:30,"{""param1"": ""check"", ""param2"": 62}","{""result"": ""fear""}",
258,21,step_257,map,failed,0,2025-09-23 13:28:55+05:30,2025-09-23 13:28:55.686401+05:30,"{""param1"": ""raise"", ""param2"": 83}","{""result"": ""newspaper""}",
259,23,step_258,map,compensating,0,2025-08-29 23:06:07+05:30,2025-09-01 21:05:18+05:30,"{""param1"": ""wide"", ""param2"": 77}","{""result"": ""business""}",
260,8,step_259,python_fn,succeeded,1,2025-09-03 17:45:33+05:30,2025-09-10 23:40:01+05:30,"{""param1"": ""dinner"", ""param2"": 86}","{""result"": ""box""}",
261,19,step_260,sql_query,succeeded,0,2025-09-23 15:35:15+05:30,2025-09-23 15:35:15.853463+05:30,"{""param1"": ""establish"", ""param2"": 74}","{""result"": ""line""}",
262,16,step_261,sql_query,succeeded,0,2025-09-03 16:27:16+05:30,2025-09-16 18:50:12+05:30,"{""param1"": ""security"", ""param2"": 37}","{""result"": ""media""}",
263,29,step_262,python_fn,failed,1,2025-08-27 10:57:40+05:30,2025-09-06 22:44:30+05:30,"{""param1"": ""training"", ""param2"": 71}",,
264,16,step_263,compensate,running,0,2025-09-10 11:57:55+05:30,,"{""param1"": ""lawyer"", ""param2"": 97}","{""result"": ""truth""}",
265,25,step_264,http_call,failed,0,2025-09-11 14:26:05+05:30,2025-09-16 04:18:16+05:30,"{""param1"": ""truth"", ""param2"": 38}","{""result"": ""born""}",
266,19,step_265,compensate,succeeded,4,2025-09-12 23:14:23+05:30,,"{""param1"": ""middle"", ""param2"": 77}","{""result"": ""admit""}",
267,11,step_266,model_call,succeeded,0,2025-08-31 23:51:32+05:30,2025-09-20 14:03:42+05:30,"{""param1"": ""professor"", ""param2"": 62}","{""result"": ""hour""}","{""error"": ""timeout_error"", ""code"": ""T001""}"
268,29,step_267,model_call,failed,0,2025-09-19 07:16:32+05:30,2025-09-20 09:43:34+05:30,"{""param1"": ""few"", ""param2"": 25}",,
269,6,step_268,map,succeeded,0,2025-09-12 05:22:51+05:30,,"{""param1"": ""spring"", ""param2"": 32}",,
270,1,step_269,join,succeeded,0,2025-09-16 19:36:52+05:30,2025-09-21 00:49:36+05:30,"{""param1"": ""whose"", ""param2"": 12}","{""result"": ""later""}",
271,2,step_270,join,compensating,0,2025-09-05 09:24:52+05:30,2025-09-11 11:22:41+05:30,"{""param1"": ""wall"", ""param2"": 33}",,
272,16,step_271,sql_query,failed,0,2025-08-31 13:19:54+05:30,2025-09-17 15:18:46+05:30,"{""param1"": ""section"", ""param2"": 66}","{""result"": ""message""}",
273,4,step_272,wait,failed,0,2025-09-17 10:52:38+05:30,2025-09-19 16:49:52+05:30,"{""param1"": ""force"", ""param2"": 88}","{""result"": ""inside""}",
274,16,step_273,compensate,waiting,0,2025-09-09 23:42:17+05:30,2025-09-18 19:43:47+05:30,"{""param1"": ""buy"", ""param2"": 14}",,"{""error"": ""api_down"", ""code"": ""N003""}"
275,23,step_274,switch,failed,3,2025-09-15 11:58:47+05:30,2025-09-20 15:14:40+05:30,"{""param1"": ""industry"", ""param2"": 17}",,
276,16,step_275,fallback,waiting,1,2025-09-08 14:27:01+05:30,2025-09-15 09:34:52+05:30,"{""param1"": ""present"", ""param2"": 69}",,"{""error"": ""validation_fail"", ""code"": ""V004""}"
277,26,step_276,join,succeeded,0,2025-09-11 09:55:03+05:30,2025-09-15 08:41:13+05:30,"{""param1"": ""the"", ""param2"": 54}","{""result"": ""education""}","{""error"": ""timeout_error"", ""code"": ""T001""}"
278,16,step_277,fallback,succeeded,0,2025-09-21 04:44:06+05:30,2025-09-22 22:00:15+05:30,"{""param1"": ""stuff"", ""param2"": 53}",,
279,1,step_278,map,succeeded,1,2025-09-23 10:15:11+05:30,,"{""param1"": ""wife"", ""param2"": 64}","{""result"": ""sometimes""}",
280,1,step_279,fallback,succeeded,0,2025-09-19 08:37:21+05:30,2025-09-23 10:40:20+05:30,"{""param1"": ""pull"", ""param2"": 21}","{""result"": ""production""}","{""error"": ""timeout_error"", ""code"": ""T001""}"
281,27,step_280,switch,running,0,2025-09-07 11:28:34+05:30,2025-09-22 18:54:41+05:30,"{""param1"": ""media"", ""param2"": 57}",,
282,21,step_281,python_fn,succeeded,4,2025-09-10 08:13:09+05:30,,"{""param1"": ""single"", ""param2"": 76}","{""result"": ""financial""}","{""error"": ""api_down"", ""code"": ""N003""}"
283,22,step_282,switch,succeeded,0,2025-09-22 20:41:23+05:30,2025-09-22 22:29:44+05:30,"{""param1"": ""education"", ""param2"": 71}",,
284,4,step_283,fallback,succeeded,1,2025-09-07 05:59:40+05:30,2025-09-11 03:20:58+05:30,"{""param1"": ""learn"", ""param2"": 14}",,
285,0,step_284,switch,succeeded,4,2025-09-20 13:34:49+05:30,2025-09-20 13:54:28+05:30,"{""param1"": ""bar"", ""param2"": 76}","{""result"": ""last""}",
286,0,step_285,http_call,running,0,2025-09-19 00:52:51+05:30,,"{""param1"": ""sure"", ""param2"": 39}",,"{""error"": ""validation_fail"", ""code"": ""V004""}"
287,18,step_286,map,succeeded,0,2025-09-04 15:11:04+05:30,2025-09-20 15:33:23+05:30,"{""param1"": ""professor"", ""param2"": 77}",,
288,29,step_287,compensate,failed,0,2025-09-23 21:58:10+05:30,2025-09-23 21:58:10.303532+05:30,"{""param1"": ""team"", ""param2"": 31}","{""result"": ""bad""}",
289,1,step_288,python_fn,succeeded,2,2025-09-16 11:07:20+05:30,2025-09-19 16:45:01+05:30,"{""param1"": ""land"", ""param2"": 56}",,
290,20,step_289,join,failed,2,2025-09-14 14:44:33+05:30,,"{""param1"": ""suggest"", ""param2"": 30}",,
291,11,step_290,model_call,waiting,1,2025-09-17 02:40:32+05:30,,"{""param1"": ""score"", ""param2"": 31}","{""result"": ""eat""}",
292,25,step_291,compensate,succeeded,0,2025-09-03 22:48:33+05:30,,"{""param1"": ""whom"", ""param2"": 16}",,
293,5,step_292,model_call,running,1,2025-09-05 19:56:58+05:30,2025-09-06 05:44:33+05:30,"{""param1"": ""lawyer"", ""param2"": 22}",,
294,22,step_293,map,succeeded,3,2025-09-06 23:26:56+05:30,2025-09-22 08:31:43+05:30,"{""param1"": ""ahead"", ""param2"": 49}","{""result"": ""church""}",
295,3,step_294,python_fn,succeeded,1,2025-08-27 13:03:14+05:30,2025-09-11 00:44:10+05:30,"{""param1"": ""stay"", ""param2"": 32}",,
296,22,step_295,sql_query,compensating,3,2025-09-21 03:54:25+05:30,2025-09-22 13:49:34+05:30,"{""param1"": ""military"", ""param2"": 87}","{""result"": ""officer""}",
297,10,step_296,join,succeeded,2,2025-09-14 12:44:35+05:30,2025-09-21 20:51:03+05:30,"{""param1"": ""relate"", ""param2"": 13}",,
298,23,step_297,http_call,succeeded,1,2025-09-15 21:38:50+05:30,2025-09-19 13:19:25+05:30,"{""param1"": ""late"", ""param2"": 57}",,
299,26,step_298,sql_query,running,0,2025-09-16 05:42:04+05:30,2025-09-20 05:22:20+05:30,"{""param1"": ""five"", ""param2"": 90}","{""result"": ""sell""}",
300,16,step_299,map,succeeded,0,2025-08-27 12:45:24+05:30,,"{""param1"": ""fill"", ""param2"": 45}","{""result"": ""image""}","{""error"": ""api_down"", ""code"": ""N003""}"
301,5,step_300,compensate,waiting,0,2025-09-08 09:57:39+05:30,,"{""param1"": ""report"", ""param2"": 73}",,
302,23,step_301,http_call,succeeded,1,2025-08-30 22:53:54+05:30,2025-09-20 11:04:27+05:30,"{""param1"": ""inside"", ""param2"": 71}","{""result"": ""resource""}",
303,4,step_302,switch,compensating,0,2025-09-15 06:14:51+05:30,2025-09-19 00:03:27+05:30,"{""param1"": ""prove"", ""param2"": 45}",,
304,19,step_303,fallback,running,2,2025-09-06 09:31:31+05:30,2025-09-20 23:21:22+05:30,"{""param1"": ""position"", ""param2"": 10}","{""result"": ""very""}","{""error"": ""network_fail"", ""code"": ""N002""}"
305,1,step_304,http_call,failed,5,2025-09-19 07:53:20+05:30,2025-09-22 04:01:51+05:30,"{""param1"": ""take"", ""param2"": 99}",,
306,5,step_305,map,compensating,1,2025-09-19 21:37:29+05:30,2025-09-22 00:20:16+05:30,"{""param1"": ""school"", ""param2"": 61}",,"{""error"": ""timeout_error"", ""code"": ""T001""}"
307,21,step_306,wait,succeeded,0,2025-09-04 14:04:32+05:30,,"{""param1"": ""like"", ""param2"": 63}",,
308,10,step_307,fallback,compensating,0,2025-09-15 14:29:43+05:30,2025-09-18 17:53:19+05:30,"{""param1"": ""science"", ""param2"": 17}","{""result"": ""wall""}",
309,15,step_308,model_call,succeeded,0,2025-09-22 05:53:52+05:30,2025-09-22 17:40:18+05:30,"{""param1"": ""anyone"", ""param2"": 69}",,"{""error"": ""api_down"", ""code"": ""N003""}"
310,15,step_309,join,succeeded,1,2025-09-04 12:14:09+05:30,2025-09-22 05:49:42+05:30,"{""param1"": ""energy"", ""param2"": 69}",,
311,0,step_310,model_call,succeeded,1,2025-08-30 11:39:33+05:30,2025-09-22 23:41:41+05:30,"{""param1"": ""establish"", ""param2"": 63}","{""result"": ""trial""}",
312,8,step_311,http_call,failed,3,2025-09-10 15:35:57+05:30,,"{""param1"": ""science"", ""param2"": 47}","{""result"": ""provide""}",
313,27,step_312,model_call,succeeded,0,2025-08-27 16:09:16+05:30,2025-09-02 21:10:38+05:30,"{""param1"": ""worker"", ""param2"": 78}","{""result"": ""remember""}",
314,26,step_313,map,waiting,3,2025-09-17 18:20:04+05:30,,"{""param1"": ""activity"", ""param2"": 46}",,
315,5,step_314,switch,waiting,2,2025-09-22 09:05:24+05:30,2025-09-22 17:18:10+05:30,"{""param1"": ""dark"", ""param2"": 37}",,
316,15,step_315,compensate,compensating,0,2025-09-09 01:58:10+05:30,2025-09-12 07:44:58+05:30,"{""param1"": ""figure"", ""param2"": 87}","{""result"": ""actually""}","{""error"": ""timeout_error"", ""code"": ""T001""}"
317,28,step_316,join,succeeded,2,2025-09-15 05:52:39+05:30,2025-09-23 01:01:02+05:30,"{""param1"": ""alone"", ""param2"": 79}",,
318,2,step_317,model_call,failed,0,2025-09-13 07:11:02+05:30,2025-09-22 03:48:44+05:30,"{""param1"": ""black"", ""param2"": 66}","{""result"": ""make""}",
319,19,step_318,model_call,succeeded,0,2025-09-18 14:08:06+05:30,2025-09-20 20:53:05+05:30,"{""param1"": ""prove"", ""param2"": 25}","{""result"": ""purpose""}","{""error"": ""timeout_error"", ""code"": ""T001""}"
320,27,step_319,http_call,succeeded,1,2025-09-02 14:01:45+05:30,2025-09-15 08:56:31+05:30,"{""param1"": ""all"", ""param2"": 59}",,"{""error"": ""network_fail"", ""code"": ""N002""}"
321,26,step_320,compensate,succeeded,0,2025-09-17 07:32:33+05:30,,"{""param1"": ""determine"", ""param2"": 61}",,
322,3,step_321,sql_query,succeeded,1,2025-09-10 19:45:58+05:30,2025-09-11 09:18:29+05:30,"{""param1"": ""couple"", ""param2"": 88}",,"{""error"": ""timeout_error"", ""code"": ""T001""}"
323,18,step_322,model_call,running,1,2025-08-27 10:27:42+05:30,2025-09-05 05:24:58+05:30,"{""param1"": ""might"", ""param2"": 25}","{""result"": ""and""}","{""error"": ""validation_fail"", ""code"": ""V004""}"
324,25,step_323,map,failed,0,2025-09-16 00:32:44+05:30,2025-09-18 10:30:28+05:30,"{""param1"": ""thing"", ""param2"": 94}",,
325,2,step_324,wait,succeeded,0,2025-09-13 18:43:26+05:30,2025-09-16 02:05:47+05:30,"{""param1"": ""this"", ""param2"": 19}","{""result"": ""dark""}",
326,18,step_325,join,succeeded,0,2025-09-06 08:32:51+05:30,,"{""param1"": ""tell"", ""param2"": 75}","{""result"": ""investment""}",
327,19,step_326,model_call,succeeded,0,2025-09-16 02:13:56+05:30,2025-09-22 23:49:42+05:30,"{""param1"": ""film"", ""param2"": 77}","{""result"": ""result""}",
328,6,step_327,map,succeeded,0,2025-09-02 19:01:59+05:30,2025-09-10 03:18:41+05:30,"{""param1"": ""level"", ""param2"": 48}",,
329,19,step_328,map,compensating,0,2025-09-18 14:38:41+05:30,2025-09-22 17:02:05+05:30,"{""param1"": ""effect"", ""param2"": 76}",,
330,8,step_329,join,succeeded,0,2025-09-22 18:58:02+05:30,2025-09-22 20:45:09+05:30,"{""param1"": ""treatment"", ""param2"": 78}","{""result"": ""seven""}",
331,0,step_330,sql_query,succeeded,0,2025-09-22 09:10:01+05:30,2025-09-23 01:35:43+05:30,"{""param1"": ""describe"", ""param2"": 100}",,
332,7,step_331,map,succeeded,0,2025-09-08 13:23:04+05:30,2025-09-17 20:31:49+05:30,"{""param1"": ""white"", ""param2"": 37}",,
333,6,step_332,wait,waiting,1,2025-09-20 22:32:41+05:30,2025-09-21 11:17:17+05:30,"{""param1"": ""election"", ""param2"": 40}","{""result"": ""popular""}",
334,17,step_333,map,compensating,1,2025-09-22 03:28:46+05:30,2025-09-22 19:26:25+05:30,"{""param1"": ""no"", ""param2"": 67}",,"{""error"": ""validation_fail"", ""code"": ""V004""}"
335,7,step_334,map,running,0,2025-09-16 02:07:19+05:30,2025-09-17 20:06:59+05:30,"{""param1"": ""individual"", ""param2"": 53}",,"{""error"": ""validation_fail"", ""code"": ""V004""}"
336,0,step_335,map,failed,0,2025-09-11 22:06:49+05:30,2025-09-16 04:11:22+05:30,"{""param1"": ""during"", ""param2"": 36}","{""result"": ""training""}",
337,10,step_336,switch,failed,4,2025-09-13 02:18:22+05:30,2025-09-23 03:47:06+05:30,"{""param1"": ""training"", ""param2"": 44}","{""result"": ""along""}",
338,27,step_337,switch,succeeded,2,2025-09-12 07:12:25+05:30,2025-09-14 17:48:19+05:30,"{""param1"": ""goal"", ""param2"": 65}",,"{""error"": ""api_down"", ""code"": ""N003""}"
339,24,step_338,sql_query,compensating,3,2025-09-03 07:10:22+05:30,2025-09-21 17:16:32+05:30,"{""param1"": ""apply"", ""param2"": 20}",,
340,24,step_339,model_call,running,2,2025-09-18 09:18:20+05:30,,"{""param1"": ""both"", ""param2"": 49}",,
341,17,step_340,map,failed,0,2025-09-22 04:30:53+05:30,2025-09-22 08:28:45+05:30,"{""param1"": ""network"", ""param2"": 14}","{""result"": ""bring""}",
342,22,step_341,compensate,running,0,2025-09-08 23:50:55+05:30,2025-09-14 09:32:37+05:30,"{""param1"": ""key"", ""param2"": 64}",,
343,29,step_342,model_call,running,0,2025-09-18 15:31:44+05:30,2025-09-19 18:05:06+05:30,"{""param1"": ""name"", ""param2"": 17}","{""result"": ""any""}",
344,9,step_343,sql_query,failed,0,2025-09-11 17:35:00+05:30,,"{""param1"": ""east"", ""param2"": 28}","{""result"": ""different""}","{""error"": ""timeout_error"", ""code"": ""T001""}"
345,2,step_344,python_fn,compensating,0,2025-09-10 04:05:22+05:30,2025-09-22 01:50:05+05:30,"{""param1"": ""approach"", ""param2"": 30}",,
346,6,step_345,model_call,compensating,0,2025-08-29 08:50:46+05:30,2025-09-19 12:26:41+05:30,"{""param1"": ""continue"", ""param2"": 70}","{""result"": ""carry""}",
347,27,step_346,model_call,failed,0,2025-09-19 07:34:49+05:30,,"{""param1"": ""leave"", ""param2"": 99}","{""result"": ""rate""}",
348,15,step_347,fallback,failed,1,2025-09-17 09:34:21+05:30,2025-09-22 15:33:03+05:30,"{""param1"": ""create"", ""param2"": 36}","{""result"": ""indicate""}",
349,25,step_348,http_call,succeeded,1,2025-09-01 22:18:24+05:30,2025-09-10 02:18:45+05:30,"{""param1"": ""benefit"", ""param2"": 64}","{""result"": ""why""}",
350,15,step_349,fallback,failed,0,2025-08-30 00:51:16+05:30,2025-09-02 11:48:18+05:30,"{""param1"": ""public"", ""param2"": 90}","{""result"": ""world""}",
351,24,step_350,wait,succeeded,2,2025-09-20 07:29:06+05:30,2025-09-20 12:41:22+05:30,"{""param1"": ""heart"", ""param2"": 45}",,
352,19,step_351,switch,failed,0,2025-09-12 12:40:09+05:30,2025-09-14 11:45:11+05:30,"{""param1"": ""big"", ""param2"": 59}","{""result"": ""success""}",
353,27,step_352,switch,compensating,2,2025-09-24 09:13:09+05:30,,"{""param1"": ""growth"", ""param2"": 94}",,
354,16,step_353,http_call,failed,0,2025-09-21 13:43:11+05:30,2025-09-22 08:34:20+05:30,"{""param1"": ""defense"", ""param2"": 86}",,
355,1,step_354,join,succeeded,4,2025-09-14 08:18:39+05:30,2025-09-17 02:48:26+05:30,"{""param1"": ""model"", ""param2"": 69}",,"{""error"": ""network_fail"", ""code"": ""N002""}"
356,0,step_355,join,succeeded,1,2025-09-09 06:56:17+05:30,,"{""param1"": ""across"", ""param2"": 56}","{""result"": ""project""}",
357,15,step_356,sql_query,succeeded,0,2025-09-08 23:34:13+05:30,2025-09-16 05:19:15+05:30,"{""param1"": ""skin"", ""param2"": 82}",,
358,29,step_357,http_call,running,0,2025-08-30 12:25:49+05:30,2025-09-11 19:12:06+05:30,"{""param1"": ""drive"", ""param2"": 30}",,"{""error"": ""network_fail"", ""code"": ""N002""}"
359,11,step_358,model_call,succeeded,0,2025-09-19 13:18:29+05:30,,"{""param1"": ""money"", ""param2"": 57}",,
360,4,step_359,join,succeeded,0,2025-09-02 14:37:25+05:30,2025-09-06 04:30:43+05:30,"{""param1"": ""you"", ""param2"": 92}",,"{""error"": ""network_fail"", ""code"": ""N002""}"
361,4,step_360,map,succeeded,0,2025-08-29 13:16:35+05:30,,"{""param1"": ""shake"", ""param2"": 46}",,
362,26,step_361,compensate,running,1,2025-09-22 09:24:48+05:30,,"{""param1"": ""simple"", ""param2"": 66}","{""result"": ""trip""}",
363,22,step_362,model_call,running,0,2025-09-10 16:12:37+05:30,2025-09-23 09:23:05+05:30,"{""param1"": ""agent"", ""param2"": 55}",,
364,8,step_363,wait,succeeded,1,2025-09-11 20:35:16+05:30,2025-09-20 09:03:21+05:30,"{""param1"": ""shoulder"", ""param2"": 10}",,
365,8,step_364,map,succeeded,3,2025-09-01 09:20:35+05:30,2025-09-08 09:43:58+05:30,"{""param1"": ""spring"", ""param2"": 52}",,
366,2,step_365,map,failed,0,2025-09-15 14:23:42+05:30,2025-09-16 09:07:49+05:30,"{""param1"": ""present"", ""param2"": 48}",,
367,18,step_366,http_call,failed,0,2025-09-04 03:52:46+05:30,,"{""param1"": ""election"", ""param2"": 36}","{""result"": ""inside""}",
368,15,step_367,sql_query,failed,0,2025-08-29 15:00:18+05:30,2025-09-13 11:45:27+05:30,"{""param1"": ""knowledge"", ""param2"": 94}",,
369,15,step_368,wait,succeeded,1,2025-09-04 11:12:38+05:30,2025-09-22 08:15:40+05:30,"{""param1"": ""heart"", ""param2"": 21}","{""result"": ""consumer""}",
370,2,step_369,join,failed,0,2025-09-19 08:15:09+05:30,2025-09-19 11:21:12+05:30,"{""param1"": ""ask"", ""param2"": 23}","{""result"": ""production""}","{""error"": ""api_down"", ""code"": ""N003""}"
371,19,step_370,http_call,succeeded,4,2025-08-29 07:23:01+05:30,2025-09-04 06:45:00+05:30,"{""param1"": ""wish"", ""param2"": 54}","{""result"": ""likely""}",
372,23,step_371,join,waiting,2,2025-09-03 07:12:48+05:30,2025-09-05 06:23:18+05:30,"{""param1"": ""care"", ""param2"": 45}","{""result"": ""day""}","{""error"": ""validation_fail"", ""code"": ""V004""}"
373,21,step_372,http_call,failed,0,2025-09-08 08:39:20+05:30,2025-09-11 17:26:45+05:30,"{""param1"": ""wear"", ""param2"": 19}",,
374,23,step_373,http_call,succeeded,0,2025-09-21 13:28:32+05:30,2025-09-23 10:04:39+05:30,"{""param1"": ""government"", ""param2"": 88}","{""result"": ""game""}",
375,0,step_374,http_call,succeeded,2,2025-09-22 17:40:20+05:30,,"{""param1"": ""represent"", ""param2"": 98}","{""result"": ""something""}",
376,23,step_375,sql_query,failed,1,2025-09-13 02:50:09+05:30,2025-09-15 05:18:31+05:30,"{""param1"": ""else"", ""param2"": 25}",,
377,19,step_376,http_call,waiting,0,2025-08-30 17:53:40+05:30,2025-09-04 04:50:42+05:30,"{""param1"": ""myself"", ""param2"": 67}",,
378,10,step_377,python_fn,failed,0,2025-09-04 20:26:48+05:30,2025-09-07 00:30:16+05:30,"{""param1"": ""just"", ""param2"": 79}",,
379,16,step_378,compensate,failed,1,2025-08-28 12:45:52+05:30,2025-09-09 06:27:07+05:30,"{""param1"": ""detail"", ""param2"": 84}",,"{""error"": ""network_fail"", ""code"": ""N002""}"
380,7,step_379,join,running,0,2025-09-08 11:05:25+05:30,2025-09-08 19:09:01+05:30,"{""param1"": ""view"", ""param2"": 23}",,
381,3,step_380,model_call,failed,3,2025-09-12 19:04:28+05:30,2025-09-19 08:02:46+05:30,"{""param1"": ""most"", ""param2"": 93}","{""result"": ""those""}","{""error"": ""api_down"", ""code"": ""N003""}"
382,5,step_381,fallback,succeeded,0,2025-09-19 01:49:01+05:30,2025-09-22 18:37:26+05:30,"{""param1"": ""note"", ""param2"": 45}","{""result"": ""much""}",
383,7,step_382,wait,waiting,0,2025-08-29 01:27:26+05:30,2025-08-29 11:35:02+05:30,"{""param1"": ""rate"", ""param2"": 37}",,"{""error"": ""validation_fail"", ""code"": ""V004""}"
384,19,step_383,switch,succeeded,2,2025-09-04 16:34:21+05:30,,"{""param1"": ""ball"", ""param2"": 89}","{""result"": ""condition""}",
385,29,step_384,sql_query,succeeded,0,2025-09-08 06:58:25+05:30,2025-09-09 10:58:03+05:30,"{""param1"": ""morning"", ""param2"": 72}",,"{""error"": ""network_fail"", ""code"": ""N002""}"
386,2,step_385,model_call,compensating,0,2025-09-19 20:15:15+05:30,2025-09-21 02:46:43+05:30,"{""param1"": ""paper"", ""param2"": 57}","{""result"": ""cost""}",
387,15,step_386,map,succeeded,0,2025-08-30 02:23:41+05:30,2025-09-11 06:10:51+05:30,"{""param1"": ""imagine"", ""param2"": 53}","{""result"": ""six""}","{""error"": ""network_fail"", ""code"": ""N002""}"
388,29,step_387,python_fn,succeeded,0,2025-09-19 03:55:22+05:30,,"{""param1"": ""present"", ""param2"": 21}",,"{""error"": ""validation_fail"", ""code"": ""V004""}"
389,24,step_388,switch,succeeded,1,2025-09-04 02:38:52+05:30,2025-09-06 22:39:15+05:30,"{""param1"": ""color"", ""param2"": 50}",,
390,2,step_389,fallback,compensating,0,2025-09-15 04:53:51+05:30,2025-09-19 09:31:22+05:30,"{""param1"": ""determine"", ""param2"": 29}",,"{""error"": ""network_fail"", ""code"": ""N002""}"
391,24,step_390,model_call,succeeded,0,2025-09-08 02:22:32+05:30,2025-09-18 08:01:03+05:30,"{""param1"": ""near"", ""param2"": 90}",,"{""error"": ""api_down"", ""code"": ""N003""}"
392,28,step_391,switch,succeeded,1,2025-09-08 16:56:12+05:30,2025-09-09 07:17:11+05:30,"{""param1"": ""store"", ""param2"": 81}","{""result"": ""mouth""}","{""error"": ""network_fail"", ""code"": ""N002""}"
393,17,step_392,model_call,succeeded,1,2025-09-19 16:24:18+05:30,2025-09-23 11:51:31+05:30,"{""param1"": ""single"", ""param2"": 100}","{""result"": ""western""}",
394,13,step_393,python_fn,succeeded,0,2025-09-10 06:45:25+05:30,,"{""param1"": ""sort"", ""param2"": 74}",,"{""error"": ""validation_fail"", ""code"": ""V004""}"
395,17,step_394,fallback,succeeded,0,2025-09-03 23:51:38+05:30,2025-09-08 14:43:55+05:30,"{""param1"": ""production"", ""param2"": 62}",,
396,1,step_395,map,succeeded,3,2025-09-14 02:37:42+05:30,,"{""param1"": ""game"", ""param2"": 14}","{""result"": ""free""}",
397,21,step_396,http_call,failed,1,2025-09-20 23:40:26+05:30,2025-09-22 16:52:38+05:30,"{""param1"": ""this"", ""param2"": 28}",,"{""error"": ""network_fail"", ""code"": ""N002""}"
398,2,step_397,join,succeeded,0,2025-09-15 11:45:45+05:30,,"{""param1"": ""nor"", ""param2"": 71}","{""result"": ""early""}",
399,15,step_398,map,succeeded,0,2025-09-23 00:47:31+05:30,2025-09-23 04:18:39+05:30,"{""param1"": ""red"", ""param2"": 45}","{""result"": ""night""}","{""error"": ""timeout_error"", ""code"": ""T001""}"
400,28,step_399,http_call,succeeded,0,2025-09-22 01:08:03+05:30,2025-09-23 12:03:40+05:30,"{""param1"": ""play"", ""param2"": 35}","{""result"": ""several""}",
401,8,step_400,sql_query,succeeded,1,2025-08-29 16:49:22+05:30,2025-09-03 06:11:21+05:30,"{""param1"": ""arrive"", ""param2"": 29}",,
402,3,step_401,compensate,failed,2,2025-09-20 02:48:49+05:30,,"{""param1"": ""stuff"", ""param2"": 76}",,"{""error"": ""network_fail"", ""code"": ""N002""}"
403,0,step_402,wait,running,1,2025-09-08 02:46:24+05:30,2025-09-08 17:53:17+05:30,"{""param1"": ""especially"", ""param2"": 32}","{""result"": ""bring""}","{""error"": ""api_down"", ""code"": ""N003""}"
404,3,step_403,wait,succeeded,2,2025-09-17 02:22:19+05:30,2025-09-17 03:23:28+05:30,"{""param1"": ""professor"", ""param2"": 18}",,
405,0,step_404,join,succeeded,1,2025-08-30 10:15:13+05:30,,"{""param1"": ""per"", ""param2"": 34}","{""result"": ""plant""}",
406,13,step_405,fallback,succeeded,0,2025-09-11 06:36:02+05:30,2025-09-12 08:46:44+05:30,"{""param1"": ""force"", ""param2"": 79}","{""result"": ""bill""}","{""error"": ""timeout_error"", ""code"": ""T001""}"
407,20,step_406,python_fn,waiting,0,2025-08-29 11:42:14+05:30,,"{""param1"": ""five"", ""param2"": 55}","{""result"": ""cold""}",
408,15,step_407,fallback,running,0,2025-09-15 01:25:39+05:30,,"{""param1"": ""rate"", ""param2"": 29}","{""result"": ""movement""}","{""error"": ""timeout_error"", ""code"": ""T001""}"
409,19,step_408,python_fn,failed,0,2025-08-30 20:55:47+05:30,2025-09-17 14:29:09+05:30,"{""param1"": ""thought"", ""param2"": 51}","{""result"": ""party""}","{""error"": ""validation_fail"", ""code"": ""V004""}"
410,23,step_409,fallback,succeeded,2,2025-09-17 13:08:31+05:30,2025-09-18 12:04:32+05:30,"{""param1"": ""black"", ""param2"": 53}",,"{""error"": ""validation_fail"", ""code"": ""V004""}"
411,7,step_410,compensate,compensating,0,2025-09-08 04:47:41+05:30,2025-09-19 01:55:39+05:30,"{""param1"": ""forward"", ""param2"": 65}",,
412,6,step_411,sql_query,succeeded,0,2025-09-10 16:07:02+05:30,2025-09-17 23:00:55+05:30,"{""param1"": ""them"", ""param2"": 33}",,
413,2,step_412,sql_query,succeeded,0,2025-08-31 19:57:36+05:30,2025-09-01 09:28:27+05:30,"{""param1"": ""specific"", ""param2"": 69}","{""result"": ""reveal""}",
414,16,step_413,http_call,succeeded,0,2025-09-05 14:29:03+05:30,2025-09-14 12:44:39+05:30,"{""param1"": ""rest"", ""param2"": 91}","{""result"": ""from""}",
415,0,step_414,switch,succeeded,0,2025-09-02 06:03:02+05:30,2025-09-03 22:34:41+05:30,"{""param1"": ""eye"", ""param2"": 37}","{""result"": ""knowledge""}",
416,15,step_415,sql_query,compensating,0,2025-09-12 04:11:32+05:30,,"{""param1"": ""pull"", ""param2"": 75}","{""result"": ""their""}","{""error"": ""validation_fail"", ""code"": ""V004""}"
417,11,step_416,sql_query,running,1,2025-08-28 12:42:36+05:30,2025-09-16 11:16:25+05:30,"{""param1"": ""situation"", ""param2"": 70}",,
418,26,step_417,map,succeeded,0,2025-09-20 02:08:02+05:30,2025-09-22 22:52:39+05:30,"{""param1"": ""practice"", ""param2"": 92}","{""result"": ""PM""}",
419,18,step_418,map,failed,1,2025-08-29 23:58:40+05:30,2025-09-16 12:45:45+05:30,"{""param1"": ""wall"", ""param2"": 50}",,"{""error"": ""network_fail"", ""code"": ""N002""}"
420,21,step_419,http_call,compensating,0,2025-09-05 17:13:39+05:30,2025-09-16 00:11:27+05:30,"{""param1"": ""fact"", ""param2"": 93}",,
421,22,step_420,switch,waiting,0,2025-09-18 18:21:36+05:30,2025-09-21 18:48:00+05:30,"{""param1"": ""develop"", ""param2"": 69}","{""result"": ""American""}","{""error"": ""timeout_error"", ""code"": ""T001""}"
422,21,step_421,join,failed,0,2025-09-22 08:04:48+05:30,2025-09-22 21:01:55+05:30,"{""param1"": ""church"", ""param2"": 28}",,
423,13,step_422,map,compensating,0,2025-09-23 01:59:07+05:30,,"{""param1"": ""tonight"", ""param2"": 45}",,
424,29,step_423,join,compensating,1,2025-09-16 15:39:08+05:30,2025-09-21 02:28:41+05:30,"{""param1"": ""fish"", ""param2"": 95}",,"{""error"": ""validation_fail"", ""code"": ""V004""}"
425,5,step_424,model_call,running,0,2025-09-07 15:26:59+05:30,2025-09-13 11:42:59+05:30,"{""param1"": ""task"", ""param2"": 92}",,
426,5,step_425,map,succeeded,0,2025-09-15 13:21:58+05:30,2025-09-17 02:08:13+05:30,"{""param1"": ""view"", ""param2"": 53}","{""result"": ""region""}",
427,12,step_426,compensate,succeeded,1,2025-08-30 09:53:27+05:30,2025-09-11 09:03:21+05:30,"{""param1"": ""good"", ""param2"": 48}","{""result"": ""such""}","{""error"": ""api_down"", ""code"": ""N003""}"
428,18,step_427,switch,waiting,0,2025-08-30 03:29:39+05:30,2025-09-21 05:00:57+05:30,"{""param1"": ""hear"", ""param2"": 37}","{""result"": ""nature""}",
429,21,step_428,http_call,succeeded,0,2025-09-10 23:24:52+05:30,2025-09-17 00:27:04+05:30,"{""param1"": ""safe"", ""param2"": 76}","{""result"": ""use""}",
430,7,step_429,model_call,waiting,2,2025-09-14 01:04:57+05:30,2025-09-22 05:04:28+05:30,"{""param1"": ""where"", ""param2"": 11}",,
431,26,step_430,switch,succeeded,1,2025-09-16 07:08:45+05:30,2025-09-21 14:56:21+05:30,"{""param1"": ""camera"", ""param2"": 47}","{""result"": ""happy""}","{""error"": ""network_fail"", ""code"": ""N002""}"
432,26,step_431,compensate,succeeded,0,2025-09-17 19:13:42+05:30,2025-09-23 11:03:29+05:30,"{""param1"": ""key"", ""param2"": 100}",,
433,1,step_432,switch,succeeded,3,2025-08-31 06:28:20+05:30,,"{""param1"": ""mean"", ""param2"": 76}",,
434,20,step_433,compensate,succeeded,1,2025-09-11 00:59:14+05:30,2025-09-14 12:36:32+05:30,"{""param1"": ""present"", ""param2"": 49}","{""result"": ""school""}","{""error"": ""validation_fail"", ""code"": ""V004""}"
435,29,step_434,compensate,compensating,0,2025-09-03 23:43:42+05:30,2025-09-17 03:36:58+05:30,"{""param1"": ""personal"", ""param2"": 49}","{""result"": ""visit""}",
436,0,step_435,join,waiting,1,2025-09-19 20:10:23+05:30,2025-09-22 05:19:33+05:30,"{""param1"": ""politics"", ""param2"": 28}",,
437,27,step_436,fallback,waiting,0,2025-09-09 17:04:31+05:30,2025-09-11 04:58:15+05:30,"{""param1"": ""somebody"", ""param2"": 22}",,
438,14,step_437,model_call,failed,0,2025-09-14 22:25:14+05:30,,"{""param1"": ""both"", ""param2"": 58}",,
439,0,step_438,switch,succeeded,0,2025-09-05 02:03:39+05:30,2025-09-16 05:03:06+05:30,"{""param1"": ""cup"", ""param2"": 59}","{""result"": ""ten""}",
440,4,step_439,python_fn,failed,0,2025-09-03 12:24:58+05:30,2025-09-21 17:10:10+05:30,"{""param1"": ""admit"", ""param2"": 26}","{""result"": ""its""}",
441,27,step_440,model_call,failed,1,2025-09-17 16:23:19+05:30,2025-09-19 08:42:48+05:30,"{""param1"": ""between"", ""param2"": 65}","{""result"": ""part""}",
442,28,step_441,fallback,failed,0,2025-09-17 04:28:00+05:30,2025-09-22 14:22:57+05:30,"{""param1"": ""dream"", ""param2"": 84}","{""result"": ""support""}",
443,15,step_442,model_call,succeeded,2,2025-09-01 10:55:06+05:30,2025-09-16 23:27:08+05:30,"{""param1"": ""law"", ""param2"": 21}",,"{""error"": ""timeout_error"", ""code"": ""T001""}"
444,18,step_443,sql_query,failed,1,2025-09-16 08:42:47+05:30,2025-09-22 19:30:17+05:30,"{""param1"": ""name"", ""param2"": 71}",,
445,3,step_444,python_fn,succeeded,0,2025-08-31 14:17:44+05:30,,"{""param1"": ""establish"", ""param2"": 96}",,
446,2,step_445,fallback,compensating,1,2025-08-28 06:45:14+05:30,2025-09-05 06:49:28+05:30,"{""param1"": ""a"", ""param2"": 95}",,
447,16,step_446,join,waiting,0,2025-09-02 18:19:01+05:30,2025-09-07 01:51:33+05:30,"{""param1"": ""form"", ""param2"": 62}",,"{""error"": ""api_down"", ""code"": ""N003""}"
448,16,step_447,switch,succeeded,0,2025-09-13 22:13:55+05:30,2025-09-22 05:22:41+05:30,"{""param1"": ""must"", ""param2"": 33}","{""result"": ""message""}","{""error"": ""timeout_error"", ""code"": ""T001""}"
449,11,step_448,wait,failed,1,2025-08-27 23:55:16+05:30,2025-09-18 11:18:24+05:30,"{""param1"": ""eye"", ""param2"": 53}","{""result"": ""whose""}",
450,27,step_449,fallback,running,0,2025-09-15 18:16:58+05:30,2025-09-16 12:28:13+05:30,"{""param1"": ""however"", ""param2"": 97}",,
451,29,step_450,http_call,succeeded,0,2025-09-24 01:26:53+05:30,,"{""param1"": ""writer"", ""param2"": 61}","{""result"": ""doctor""}","{""error"": ""network_fail"", ""code"": ""N002""}"
452,28,step_451,switch,waiting,0,2025-09-05 13:39:12+05:30,,"{""param1"": ""take"", ""param2"": 54}",,
453,13,step_452,fallback,waiting,0,2025-09-11 20:36:59+05:30,2025-09-14 09:08:15+05:30,"{""param1"": ""child"", ""param2"": 35}",,
454,20,step_453,sql_query,succeeded,0,2025-09-06 09:52:12+05:30,,"{""param1"": ""which"", ""param2"": 44}","{""result"": ""son""}",
455,5,step_454,wait,succeeded,0,2025-09-20 09:48:27+05:30,2025-09-22 11:54:59+05:30,"{""param1"": ""together"", ""param2"": 92}",,
456,2,step_455,sql_query,succeeded,5,2025-08-29 15:57:07+05:30,,"{""param1"": ""personal"", ""param2"": 93}",,
457,27,step_456,wait,succeeded,0,2025-09-04 17:05:07+05:30,2025-09-07 06:02:20+05:30,"{""param1"": ""toward"", ""param2"": 41}",,
458,8,step_457,http_call,succeeded,0,2025-09-16 09:14:27+05:30,,"{""param1"": ""occur"", ""param2"": 100}",,
459,4,step_458,switch,waiting,0,2025-09-14 03:33:29+05:30,2025-09-17 10:33:36+05:30,"{""param1"": ""action"", ""param2"": 20}",,
460,23,step_459,join,succeeded,0,2025-08-31 04:56:44+05:30,2025-09-07 11:27:31+05:30,"{""param1"": ""nearly"", ""param2"": 49}","{""result"": ""practice""}",
461,28,step_460,sql_query,succeeded,4,2025-09-18 00:36:56+05:30,2025-09-21 18:29:41+05:30,"{""param1"": ""ten"", ""param2"": 17}","{""result"": ""father""}",
462,16,step_461,sql_query,compensating,1,2025-09-16 06:14:08+05:30,2025-09-17 05:20:00+05:30,"{""param1"": ""baby"", ""param2"": 43}",,"{""error"": ""timeout_error"", ""code"": ""T001""}"
463,13,step_462,compensate,running,1,2025-09-06 21:57:35+05:30,,"{""param1"": ""art"", ""param2"": 55}",,"{""error"": ""api_down"", ""code"": ""N003""}"
464,20,step_463,wait,succeeded,0,2025-09-06 13:25:20+05:30,2025-09-13 03:53:16+05:30,"{""param1"": ""democratic"", ""param2"": 28}","{""result"": ""bar""}","{""error"": ""validation_fail"", ""code"": ""V004""}"
465,2,step_464,map,succeeded,0,2025-08-28 01:37:13+05:30,2025-09-17 16:08:18+05:30,"{""param1"": ""mouth"", ""param2"": 39}","{""result"": ""his""}",
466,27,step_465,switch,succeeded,0,2025-09-18 00:39:14+05:30,2025-09-19 09:41:18+05:30,"{""param1"": ""six"", ""param2"": 21}",,
467,0,step_466,wait,failed,2,2025-08-28 14:09:57+05:30,2025-09-08 18:33:58+05:30,"{""param1"": ""far"", ""param2"": 15}",,
468,19,step_467,compensate,succeeded,0,2025-08-30 19:03:51+05:30,2025-09-03 02:42:18+05:30,"{""param1"": ""road"", ""param2"": 66}",,
469,28,step_468,model_call,failed,0,2025-09-17 02:39:11+05:30,2025-09-19 11:31:45+05:30,"{""param1"": ""owner"", ""param2"": 96}",,
470,20,step_469,wait,compensating,5,2025-09-16 12:18:26+05:30,2025-09-21 07:35:01+05:30,"{""param1"": ""together"", ""param2"": 56}","{""result"": ""remember""}",
471,22,step_470,join,succeeded,0,2025-08-28 15:26:17+05:30,2025-09-13 20:07:03+05:30,"{""param1"": ""public"", ""param2"": 63}","{""result"": ""even""}",
472,0,step_471,switch,waiting,0,2025-09-10 17:59:27+05:30,,"{""param1"": ""report"", ""param2"": 51}",,
473,2,step_472,compensate,compensating,0,2025-08-27 14:20:19+05:30,2025-09-14 17:54:00+05:30,"{""param1"": ""even"", ""param2"": 17}","{""result"": ""rich""}","{""error"": ""timeout_error"", ""code"": ""T001""}"
474,17,step_473,model_call,succeeded,4,2025-09-04 00:12:56+05:30,2025-09-20 17:52:57+05:30,"{""param1"": ""organization"", ""param2"": 55}","{""result"": ""lose""}",
475,24,step_474,python_fn,waiting,0,2025-09-13 09:51:28+05:30,2025-09-19 04:06:23+05:30,"{""param1"": ""something"", ""param2"": 90}","{""result"": ""visit""}",
476,9,step_475,compensate,failed,1,2025-09-09 11:47:51+05:30,2025-09-20 14:45:05+05:30,"{""param1"": ""left"", ""param2"": 43}",,
477,21,step_476,python_fn,compensating,1,2025-09-08 08:37:14+05:30,2025-09-18 01:47:32+05:30,"{""param1"": ""cover"", ""param2"": 39}",,
478,25,step_477,switch,failed,0,2025-09-18 21:09:21+05:30,2025-09-22 14:23:09+05:30,"{""param1"": ""home"", ""param2"": 31}","{""result"": ""child""}",
479,2,step_478,sql_query,failed,1,2025-09-05 22:44:30+05:30,2025-09-13 16:03:26+05:30,"{""param1"": ""security"", ""param2"": 78}","{""result"": ""image""}",
480,7,step_479,compensate,failed,0,2025-08-27 17:56:43+05:30,,"{""param1"": ""daughter"", ""param2"": 33}",,
481,13,step_480,http_call,waiting,0,2025-09-12 04:03:27+05:30,2025-09-21 02:27:05+05:30,"{""param1"": ""travel"", ""param2"": 95}",,"{""error"": ""timeout_error"", ""code"": ""T001""}"
482,23,step_481,python_fn,running,1,2025-09-12 21:14:54+05:30,2025-09-16 16:50:16+05:30,"{""param1"": ""Democrat"", ""param2"": 22}","{""result"": ""begin""}",
483,17,step_482,join,failed,2,2025-09-15 04:20:57+05:30,2025-09-17 13:47:22+05:30,"{""param1"": ""factor"", ""param2"": 24}","{""result"": ""bring""}",
484,14,step_483,http_call,waiting,1,2025-09-06 20:30:13+05:30,2025-09-17 04:10:17+05:30,"{""param1"": ""also"", ""param2"": 86}","{""result"": ""church""}",
485,21,step_484,fallback,succeeded,0,2025-09-17 23:44:46+05:30,2025-09-18 18:46:53+05:30,"{""param1"": ""back"", ""param2"": 33}",,
486,22,step_485,fallback,succeeded,0,2025-09-04 19:35:15+05:30,,"{""param1"": ""describe"", ""param2"": 94}","{""result"": ""others""}",
487,1,step_486,model_call,succeeded,0,2025-09-03 23:45:36+05:30,,"{""param1"": ""various"", ""param2"": 45}","{""result"": ""manage""}",
488,26,step_487,sql_query,succeeded,0,2025-09-18 09:04:42+05:30,2025-09-19 08:42:43+05:30,"{""param1"": ""force"", ""param2"": 85}",,
489,9,step_488,switch,succeeded,0,2025-09-24 07:42:17+05:30,2025-09-24 07:42:17.475705+05:30,"{""param1"": ""benefit"", ""param2"": 79}",,"{""error"": ""api_down"", ""code"": ""N003""}"
490,1,step_489,compensate,compensating,0,2025-09-10 06:28:37+05:30,2025-09-10 12:02:23+05:30,"{""param1"": ""professor"", ""param2"": 19}","{""result"": ""language""}",
491,25,step_490,map,succeeded,0,2025-09-21 15:02:38+05:30,2025-09-22 08:53:51+05:30,"{""param1"": ""central"", ""param2"": 83}",,
492,16,step_491,join,failed,0,2025-08-31 09:54:05+05:30,,"{""param1"": ""when"", ""param2"": 30}","{""result"": ""point""}","{""error"": ""api_down"", ""code"": ""N003""}"
493,7,step_492,python_fn,succeeded,0,2025-09-17 15:10:40+05:30,2025-09-23 10:25:58+05:30,"{""param1"": ""hot"", ""param2"": 35}",,
494,0,step_493,switch,waiting,0,2025-08-28 14:55:30+05:30,2025-09-07 12:23:28+05:30,"{""param1"": ""order"", ""param2"": 80}","{""result"": ""then""}",
495,8,step_494,http_call,compensating,2,2025-09-23 13:00:33+05:30,,"{""param1"": ""tax"", ""param2"": 13}",,"{""error"": ""timeout_error"", ""code"": ""T001""}"
496,10,step_495,fallback,succeeded,0,2025-09-13 18:49:40+05:30,2025-09-17 13:35:09+05:30,"{""param1"": ""study"", ""param2"": 18}","{""result"": ""prove""}","{""error"": ""timeout_error"", ""code"": ""T001""}"
497,21,step_496,join,waiting,3,2025-09-05 15:01:12+05:30,2025-09-21 21:33:33+05:30,"{""param1"": ""Congress"", ""param2"": 99}",,
498,15,step_497,map,succeeded,2,2025-08-31 21:06:34+05:30,2025-09-04 17:53:09+05:30,"{""param1"": ""rich"", ""param2"": 72}",,"{""error"": ""validation_fail"", ""code"": ""V004""}"
499,6,step_498,compensate,waiting,0,2025-09-11 04:10:18+05:30,2025-09-12 10:38:26+05:30,"{""param1"": ""occur"", ""param2"": 65}",,
500,28,step_499,model_call,succeeded,1,2025-09-11 09:30:47+05:30,,"{""param1"": ""tax"", ""param2"": 18}",,"{""error"": ""api_down"", ""code"": ""N003""}"
